author_id,author_name,pageid,page_title
1,JSOadmin,3,() + ()
3,Lucario621,3,() + ()
4,Chrischb,3,() + ()
5,Jonathanpb,3,() + ()
24,WeirdF,3,() + ()
168,Veggieman001,3,() + ()
223,Scimonster,3,() + ()
279,Hardmath123,3,() + ()
315,Coinman,3,() + ()
437,3sal2,3,() + ()
1,JSOadmin,5,() - ()
3,Lucario621,5,() - ()
4,Chrischb,5,() - ()
5,Jonathanpb,5,() - ()
21,Scmb1,5,() - ()
168,Veggieman001,5,() - ()
223,Scimonster,5,() - ()
315,Coinman,5,() - ()
443,Turkey3,5,() - ()
467,MoreGamesNow,5,() - ()
1,JSOadmin,7,Alternatives to Scratch
3,Lucario621,7,Alternatives to Scratch
4,Chrischb,7,Alternatives to Scratch
5,Jonathanpb,7,Alternatives to Scratch
6,Andresmh,7,Alternatives to Scratch
14,Archmage,7,Alternatives to Scratch
15,Bharvey,7,Alternatives to Scratch
24,WeirdF,7,Alternatives to Scratch
37,LS97,7,Alternatives to Scratch
47,Schism,7,Alternatives to Scratch
1,JSOadmin,9,Ask () and Wait
3,Lucario621,9,Ask () and Wait
4,Chrischb,9,Ask () and Wait
5,Jonathanpb,9,Ask () and Wait
21,Scmb1,9,Ask () and Wait
37,LS97,9,Ask () and Wait
168,Veggieman001,9,Ask () and Wait
223,Scimonster,9,Ask () and Wait
315,Coinman,9,Ask () and Wait
403,MartinWollenweber,9,Ask () and Wait
1,JSOadmin,12,Broadcast
3,Lucario621,12,Broadcast
4,Chrischb,12,Broadcast
5,Jonathanpb,12,Broadcast
11,Greatdane,12,Broadcast
21,Scmb1,12,Broadcast
24,WeirdF,12,Broadcast
37,LS97,12,Broadcast
57,Pika100chu,12,Broadcast
66,Sonicjosh,12,Broadcast
1,JSOadmin,17,Build Your Own Blocks
4,Chrischb,17,Build Your Own Blocks
5,Jonathanpb,17,Build Your Own Blocks
24,WeirdF,17,Build Your Own Blocks
151,Dazman,17,Build Your Own Blocks
681,Mrsrec,17,Build Your Own Blocks
725,ThisIsAnAccount,17,Build Your Own Blocks
1078,Hamish752,17,Build Your Own Blocks
1469,Asqwde,17,Build Your Own Blocks
1,JSOadmin,19,Cap Block
4,Chrischb,19,Cap Block
5,Jonathanpb,19,Cap Block
12,Shadow 7283,19,Cap Block
19,Fg123,19,Cap Block
24,WeirdF,19,Cap Block
40,Subh,19,Cap Block
168,Veggieman001,19,Cap Block
223,Scimonster,19,Cap Block
279,Hardmath123,19,Cap Block
1,JSOadmin,22,Change X by ()
3,Lucario621,22,Change X by ()
4,Chrischb,22,Change X by ()
5,Jonathanpb,22,Change X by ()
21,Scmb1,22,Change X by ()
24,WeirdF,22,Change X by ()
168,Veggieman001,22,Change X by ()
223,Scimonster,22,Change X by ()
315,Coinman,22,Change X by ()
393,Bsteward,22,Change X by ()
1,JSOadmin,26,Clear Graphic Effects
3,Lucario621,26,Clear Graphic Effects
4,Chrischb,26,Clear Graphic Effects
5,Jonathanpb,26,Clear Graphic Effects
11,Greatdane,26,Clear Graphic Effects
21,Scmb1,26,Clear Graphic Effects
24,WeirdF,26,Clear Graphic Effects
107,Enzo1997,26,Clear Graphic Effects
168,Veggieman001,26,Clear Graphic Effects
223,Scimonster,26,Clear Graphic Effects
1,JSOadmin,28,Code
4,Chrischb,28,Code
8,ThePCKid,28,Code
21,Scmb1,28,Code
725,ThisIsAnAccount,28,Code
764,WikiMonitor,28,Code
1469,Asqwde,28,Code
1728,CrazyBoy826,28,Code
1,JSOadmin,31,Command Blocks
2,JSO,31,Command Blocks
4,Chrischb,31,Command Blocks
5,Jonathanpb,31,Command Blocks
24,WeirdF,31,Command Blocks
89,Wolfie1996,31,Command Blocks
151,Dazman,31,Command Blocks
168,Veggieman001,31,Command Blocks
725,ThisIsAnAccount,31,Command Blocks
1,JSOadmin,32,Control Block
3,Lucario621,32,Control Block
4,Chrischb,32,Control Block
5,Jonathanpb,32,Control Block
24,WeirdF,32,Control Block
149,ProgrammingFreak,32,Control Block
725,ThisIsAnAccount,32,Control Block
1,JSOadmin,210,Communicating to Scratch via ActionScript
5,Jonathanpb,210,Communicating to Scratch via ActionScript
24,WeirdF,210,Communicating to Scratch via ActionScript
147,Bbbeb,210,Communicating to Scratch via ActionScript
168,Veggieman001,210,Communicating to Scratch via ActionScript
171,Fullmoon,210,Communicating to Scratch via ActionScript
223,Scimonster,210,Communicating to Scratch via ActionScript
274,GameHutSoftware,210,Communicating to Scratch via ActionScript
279,Hardmath123,210,Communicating to Scratch via ActionScript
393,Bsteward,210,Communicating to Scratch via ActionScript
1,JSOadmin,221,C Block
3,Lucario621,221,C Block
4,Chrischb,221,C Block
5,Jonathanpb,221,C Block
24,WeirdF,221,C Block
57,Pika100chu,221,C Block
151,Dazman,221,C Block
223,Scimonster,221,C Block
437,3sal2,221,C Block
438,Technoboy10,221,C Block
4,Chrischb,650,Change () Effect by () (Looks block)
5,Jonathanpb,650,Change () Effect by () (Looks block)
21,Scmb1,650,Change () Effect by () (Looks block)
168,Veggieman001,650,Change () Effect by () (Looks block)
223,Scimonster,650,Change () Effect by () (Looks block)
315,Coinman,650,Change () Effect by () (Looks block)
403,MartinWollenweber,650,Change () Effect by () (Looks block)
437,3sal2,650,Change () Effect by () (Looks block)
565,KrIsMa,650,Change () Effect by () (Looks block)
604,ErnieParke,650,Change () Effect by () (Looks block)
4,Chrischb,665,Change Size by ()
5,Jonathanpb,665,Change Size by ()
21,Scmb1,665,Change Size by ()
24,WeirdF,665,Change Size by ()
151,Dazman,665,Change Size by ()
168,Veggieman001,665,Change Size by ()
223,Scimonster,665,Change Size by ()
315,Coinman,665,Change Size by ()
403,MartinWollenweber,665,Change Size by ()
439,Jvvg,665,Change Size by ()
2,JSO,748,Community Moderators
3,Lucario621,748,Community Moderators
4,Chrischb,748,Community Moderators
5,Jonathanpb,748,Community Moderators
12,Shadow 7283,748,Community Moderators
16,Coolstuff,748,Community Moderators
18,Demosthenes,748,Community Moderators
19,Fg123,748,Community Moderators
24,WeirdF,748,Community Moderators
37,LS97,748,Community Moderators
3,Lucario621,797,Effect
4,Chrischb,797,Effect
5,Jonathanpb,797,Effect
24,WeirdF,797,Effect
725,ThisIsAnAccount,797,Effect
4,Chrischb,803,Block
168,Veggieman001,803,Block
223,Scimonster,803,Block
279,Hardmath123,803,Block
439,Jvvg,803,Block
612,Mathfreak231,803,Block
725,ThisIsAnAccount,803,Block
857,Derpmeup,803,Block
4,Chrischb,840,Company
5,Jonathanpb,840,Company
24,WeirdF,840,Company
223,Scimonster,840,Company
333,Sku2000,840,Company
725,ThisIsAnAccount,840,Company
4,Chrischb,876,Clear
439,Jvvg,876,Clear
443,Turkey3,876,Clear
725,ThisIsAnAccount,876,Clear
1242,Ziggy741,876,Clear
1741,Whatsfordinner77,876,Clear
3128,Gdxfor,876,Clear
3,Lucario621,997,() Mod ()
4,Chrischb,997,() Mod ()
5,Jonathanpb,997,() Mod ()
21,Scmb1,997,() Mod ()
24,WeirdF,997,() Mod ()
40,Subh,997,() Mod ()
168,Veggieman001,997,() Mod ()
223,Scimonster,997,() Mod ()
279,Hardmath123,997,() Mod ()
315,Coinman,997,() Mod ()
3,Lucario621,1151,Bingo (Scratch modification)
4,Chrischb,1151,Bingo (Scratch modification)
24,WeirdF,1151,Bingo (Scratch modification)
37,LS97,1151,Bingo (Scratch modification)
66,Sonicjosh,1151,Bingo (Scratch modification)
151,Dazman,1151,Bingo (Scratch modification)
168,Veggieman001,1151,Bingo (Scratch modification)
223,Scimonster,1151,Bingo (Scratch modification)
301,Guy23,1151,Bingo (Scratch modification)
439,Jvvg,1151,Bingo (Scratch modification)
4,Chrischb,1210,Favorite
5,Jonathanpb,1210,Favorite
18,Demosthenes,1210,Favorite
21,Scmb1,1210,Favorite
40,Subh,1210,Favorite
168,Veggieman001,1210,Favorite
223,Scimonster,1210,Favorite
241,SpiritMaster,1210,Favorite
322,Upstairs,1210,Favorite
439,Jvvg,1210,Favorite
3,Lucario621,1224,Download
4,Chrischb,1224,Download
5,Jonathanpb,1224,Download
21,Scmb1,1224,Download
24,WeirdF,1224,Download
40,Subh,1224,Download
164,Ruggboy1,1224,Download
168,Veggieman001,1224,Download
223,Scimonster,1224,Download
725,ThisIsAnAccount,1224,Download
2,JSO,1285,Design Studio
3,Lucario621,1285,Design Studio
4,Chrischb,1285,Design Studio
24,WeirdF,1285,Design Studio
221,Purika,1285,Design Studio
223,Scimonster,1285,Design Studio
725,ThisIsAnAccount,1285,Design Studio
3362,MyScratchedAccount,1285,Design Studio
5,Jonathanpb,1315,3 Dimensional Project
24,WeirdF,1315,3 Dimensional Project
725,ThisIsAnAccount,1315,3 Dimensional Project
1510,Apple502j,1315,3 Dimensional Project
5,Jonathanpb,1349,Account Creation
21,Scmb1,1349,Account Creation
24,WeirdF,1349,Account Creation
168,Veggieman001,1349,Account Creation
223,Scimonster,1349,Account Creation
241,SpiritMaster,1349,Account Creation
315,Coinman,1349,Account Creation
443,Turkey3,1349,Account Creation
725,ThisIsAnAccount,1349,Account Creation
4,Chrischb,1466,Avatars
5,Jonathanpb,1466,Avatars
24,WeirdF,1466,Avatars
681,Mrsrec,1466,Avatars
725,ThisIsAnAccount,1466,Avatars
1078,Hamish752,1466,Avatars
1130,Mitopolis,1466,Avatars
1469,Asqwde,1466,Avatars
24,WeirdF,1471,Fisheye Effect
223,Scimonster,1471,Fisheye Effect
680,EH7meow,1471,Fisheye Effect
725,ThisIsAnAccount,1471,Fisheye Effect
3128,Gdxfor,1471,Fisheye Effect
3,Lucario621,1486,Creating Accounts
24,WeirdF,1486,Creating Accounts
221,Purika,1486,Creating Accounts
223,Scimonster,1486,Creating Accounts
574,Jonathan50,1486,Creating Accounts
612,Mathfreak231,1486,Creating Accounts
725,ThisIsAnAccount,1486,Creating Accounts
763,VoxBot,1486,Creating Accounts
940,Bigpuppy,1486,Creating Accounts
1007,CaseyWolfgang,1486,Creating Accounts
3,Lucario621,1513,() of () block
5,Jonathanpb,1513,() of () block
21,Scmb1,1513,() of () block
24,WeirdF,1513,() of () block
45,Aidan,1513,() of () block
612,Mathfreak231,1513,() of () block
725,ThisIsAnAccount,1513,() of () block
1339,Kenny2scratch,1513,() of () block
1516,TemplatesFTW,1513,() of () block
5,Jonathanpb,1624,() ÷ () (block)
223,Scimonster,1624,() ÷ () (block)
725,ThisIsAnAccount,1624,() ÷ () (block)
1339,Kenny2scratch,1624,() ÷ () (block)
1516,TemplatesFTW,1624,() ÷ () (block)
3502,Ninjahanzo,1624,() ÷ () (block)
4,Chrischb,1645,Delete () of ()
5,Jonathanpb,1645,Delete () of ()
12,Shadow 7283,1645,Delete () of ()
21,Scmb1,1645,Delete () of ()
24,WeirdF,1645,Delete () of ()
168,Veggieman001,1645,Delete () of ()
223,Scimonster,1645,Delete () of ()
241,SpiritMaster,1645,Delete () of ()
279,Hardmath123,1645,Delete () of ()
437,3sal2,1645,Delete () of ()
4,Chrischb,1660,() of () (Operator block)
5,Jonathanpb,1660,() of () (Operator block)
21,Scmb1,1660,() of () (Operator block)
32,EvilGenius,1660,() of () (Operator block)
48,SSBBM,1660,() of () (Operator block)
168,Veggieman001,1660,() of () (Operator block)
223,Scimonster,1660,() of () (Operator block)
241,SpiritMaster,1660,() of () (Operator block)
256,DarthPickley,1660,() of () (Operator block)
279,Hardmath123,1660,() of () (Operator block)
3,Lucario621,1674,60 Second Rule
4,Chrischb,1674,60 Second Rule
5,Jonathanpb,1674,60 Second Rule
24,WeirdF,1674,60 Second Rule
223,Scimonster,1674,60 Second Rule
725,ThisIsAnAccount,1674,60 Second Rule
4,Chrischb,1677,() greater than () (block)
5,Jonathanpb,1677,() greater than () (block)
21,Scmb1,1677,() greater than () (block)
24,WeirdF,1677,() greater than () (block)
162,OldWheezerGeezer,1677,() greater than () (block)
168,Veggieman001,1677,() greater than () (block)
223,Scimonster,1677,() greater than () (block)
315,Coinman,1677,() greater than () (block)
437,3sal2,1677,() greater than () (block)
443,Turkey3,1677,() greater than () (block)
4,Chrischb,1729,()
5,Jonathanpb,1729,()
12,Shadow 7283,1729,()
21,Scmb1,1729,()
24,WeirdF,1729,()
168,Veggieman001,1729,()
223,Scimonster,1729,()
315,Coinman,1729,()
392,Cylontoast,1729,()
403,MartinWollenweber,1729,()
4,Chrischb,1840,Flag block
168,Veggieman001,1840,Flag block
223,Scimonster,1840,Flag block
565,KrIsMa,1840,Flag block
566,Curiouscrab,1840,Flag block
680,EH7meow,1840,Flag block
725,ThisIsAnAccount,1840,Flag block
3502,Ninjahanzo,1840,Flag block
3,Lucario621,1867,FAQ (forum)
4,Chrischb,1867,FAQ (forum)
5,Jonathanpb,1867,FAQ (forum)
151,Dazman,1867,FAQ (forum)
168,Veggieman001,1867,FAQ (forum)
223,Scimonster,1867,FAQ (forum)
430,Wolvesstar97,1867,FAQ (forum)
437,3sal2,1867,FAQ (forum)
439,Jvvg,1867,FAQ (forum)
680,EH7meow,1867,FAQ (forum)
4,Chrischb,1871,FAQ
5,Jonathanpb,1871,FAQ
24,WeirdF,1871,FAQ
53,Lightnin,1871,FAQ
168,Veggieman001,1871,FAQ
223,Scimonster,1871,FAQ
566,Curiouscrab,1871,FAQ
725,ThisIsAnAccount,1871,FAQ
4,Chrischb,1872,Announcement forum
5,Jonathanpb,1872,Announcement forum
10,Mkolpnji,1872,Announcement forum
21,Scmb1,1872,Announcement forum
24,WeirdF,1872,Announcement forum
37,LS97,1872,Announcement forum
151,Dazman,1872,Announcement forum
168,Veggieman001,1872,Announcement forum
223,Scimonster,1872,Announcement forum
241,SpiritMaster,1872,Announcement forum
24,WeirdF,1935,AI Project
221,Purika,1935,AI Project
223,Scimonster,1935,AI Project
272,BWOG,1935,AI Project
725,ThisIsAnAccount,1935,AI Project
857,Derpmeup,1935,AI Project
1242,Ziggy741,1935,AI Project
1282,GlassGalaxy,1935,AI Project
4,Chrischb,2013,Compression
24,WeirdF,2013,Compression
272,BWOG,2013,Compression
725,ThisIsAnAccount,2013,Compression
3,Lucario621,2033,Experimental Viewer
4,Chrischb,2033,Experimental Viewer
5,Jonathanpb,2033,Experimental Viewer
12,Shadow 7283,2033,Experimental Viewer
21,Scmb1,2033,Experimental Viewer
24,WeirdF,2033,Experimental Viewer
78,Jwosty,2033,Experimental Viewer
168,Veggieman001,2033,Experimental Viewer
204,Pecola1,2033,Experimental Viewer
223,Scimonster,2033,Experimental Viewer
3,Lucario621,2064,Duplicate Project
5,Jonathanpb,2064,Duplicate Project
24,WeirdF,2064,Duplicate Project
223,Scimonster,2064,Duplicate Project
604,ErnieParke,2064,Duplicate Project
725,ThisIsAnAccount,2064,Duplicate Project
4,Chrischb,2080,Experiment Viewer
24,WeirdF,2080,Experiment Viewer
168,Veggieman001,2080,Experiment Viewer
204,Pecola1,2080,Experiment Viewer
223,Scimonster,2080,Experiment Viewer
680,EH7meow,2080,Experiment Viewer
725,ThisIsAnAccount,2080,Experiment Viewer
763,VoxBot,2080,Experiment Viewer
1516,TemplatesFTW,2080,Experiment Viewer
4,Chrischb,2141,Draggable on Website
24,WeirdF,2141,Draggable on Website
78,Jwosty,2141,Draggable on Website
151,Dazman,2141,Draggable on Website
168,Veggieman001,2141,Draggable on Website
199,Kingofdallamas,2141,Draggable on Website
223,Scimonster,2141,Draggable on Website
439,Jvvg,2141,Draggable on Website
725,ThisIsAnAccount,2141,Draggable on Website
1,JSOadmin,2262,BBCode
3,Lucario621,2262,BBCode
4,Chrischb,2262,BBCode
5,Jonathanpb,2262,BBCode
24,WeirdF,2262,BBCode
681,Mrsrec,2262,BBCode
725,ThisIsAnAccount,2262,BBCode
1078,Hamish752,2262,BBCode
1728,CrazyBoy826,2262,BBCode
3,Lucario621,2320,Advanced Topics (forum)
4,Chrischb,2320,Advanced Topics (forum)
5,Jonathanpb,2320,Advanced Topics (forum)
169,Gbear605,2320,Advanced Topics (forum)
218,Gettysburg11,2320,Advanced Topics (forum)
221,Purika,2320,Advanced Topics (forum)
223,Scimonster,2320,Advanced Topics (forum)
725,ThisIsAnAccount,2320,Advanced Topics (forum)
24,WeirdF,2382,2.0
272,BWOG,2382,2.0
725,ThisIsAnAccount,2382,2.0
4,Chrischb,2410,Costume editor
223,Scimonster,2410,Costume editor
725,ThisIsAnAccount,2410,Costume editor
1,JSOadmin,2422,Coloring contests
3,Lucario621,2422,Coloring contests
4,Chrischb,2422,Coloring contests
5,Jonathanpb,2422,Coloring contests
223,Scimonster,2422,Coloring contests
725,ThisIsAnAccount,2422,Coloring contests
4,Chrischb,2429,Collaborative groups
5,Jonathanpb,2429,Collaborative groups
12,Shadow 7283,2429,Collaborative groups
21,Scmb1,2429,Collaborative groups
24,WeirdF,2429,Collaborative groups
223,Scimonster,2429,Collaborative groups
612,Mathfreak231,2429,Collaborative groups
725,ThisIsAnAccount,2429,Collaborative groups
24,WeirdF,2507,Administrators
223,Scimonster,2507,Administrators
680,EH7meow,2507,Administrators
725,ThisIsAnAccount,2507,Administrators
3,Lucario621,2517,Alt-Clicking
4,Chrischb,2517,Alt-Clicking
5,Jonathanpb,2517,Alt-Clicking
14,Archmage,2517,Alt-Clicking
24,WeirdF,2517,Alt-Clicking
30,BulboGrubb,2517,Alt-Clicking
37,LS97,2517,Alt-Clicking
78,Jwosty,2517,Alt-Clicking
89,Wolfie1996,2517,Alt-Clicking
151,Dazman,2517,Alt-Clicking
5,Jonathanpb,2584,Block Shapes
24,WeirdF,2584,Block Shapes
168,Veggieman001,2584,Block Shapes
223,Scimonster,2584,Block Shapes
566,Curiouscrab,2584,Block Shapes
612,Mathfreak231,2584,Block Shapes
725,ThisIsAnAccount,2584,Block Shapes
1613,Mrcomputer1,2584,Block Shapes
1,JSOadmin,2638,Disappearing Text Bug
2,JSO,2638,Disappearing Text Bug
3,Lucario621,2638,Disappearing Text Bug
4,Chrischb,2638,Disappearing Text Bug
725,ThisIsAnAccount,2638,Disappearing Text Bug
5,Jonathanpb,2649,FAQ forum
439,Jvvg,2649,FAQ forum
565,KrIsMa,2649,FAQ forum
725,ThisIsAnAccount,2649,FAQ forum
1078,Hamish752,2649,FAQ forum
1339,Kenny2scratch,2649,FAQ forum
1469,Asqwde,2649,FAQ forum
1613,Mrcomputer1,2649,FAQ forum
1865,HTV04,2649,FAQ forum
2430,Mlcreater,2649,FAQ forum
4,Chrischb,2811,Animated GIFs
5,Jonathanpb,2811,Animated GIFs
24,WeirdF,2811,Animated GIFs
223,Scimonster,2811,Animated GIFs
393,Bsteward,2811,Animated GIFs
439,Jvvg,2811,Animated GIFs
443,Turkey3,2811,Animated GIFs
565,KrIsMa,2811,Animated GIFs
574,Jonathan50,2811,Animated GIFs
725,ThisIsAnAccount,2811,Animated GIFs
3,Lucario621,2884,Background
4,Chrischb,2884,Background
5,Jonathanpb,2884,Background
24,WeirdF,2884,Background
223,Scimonster,2884,Background
241,SpiritMaster,2884,Background
315,Coinman,2884,Background
437,3sal2,2884,Background
725,ThisIsAnAccount,2884,Background
2,JSO,2972,Finding the Arithmetic Mean of Numbers
5,Jonathanpb,2972,Finding the Arithmetic Mean of Numbers
24,WeirdF,2972,Finding the Arithmetic Mean of Numbers
168,Veggieman001,2972,Finding the Arithmetic Mean of Numbers
170,TheSuccessor,2972,Finding the Arithmetic Mean of Numbers
223,Scimonster,2972,Finding the Arithmetic Mean of Numbers
439,Jvvg,2972,Finding the Arithmetic Mean of Numbers
604,ErnieParke,2972,Finding the Arithmetic Mean of Numbers
612,Mathfreak231,2972,Finding the Arithmetic Mean of Numbers
667,LiFaytheGoblin,2972,Finding the Arithmetic Mean of Numbers
3,Lucario621,3214,Art Projects
4,Chrischb,3214,Art Projects
5,Jonathanpb,3214,Art Projects
24,WeirdF,3214,Art Projects
37,LS97,3214,Art Projects
40,Subh,3214,Art Projects
168,Veggieman001,3214,Art Projects
223,Scimonster,3214,Art Projects
263,Silvershine,3214,Art Projects
279,Hardmath123,3214,Art Projects
4,Chrischb,3247,Class
5,Jonathanpb,3247,Class
78,Jwosty,3247,Class
168,Veggieman001,3247,Class
223,Scimonster,3247,Class
272,BWOG,3247,Class
279,Hardmath123,3247,Class
725,ThisIsAnAccount,3247,Class
1728,CrazyBoy826,3247,Class
4,Chrischb,3492,Default Value
24,WeirdF,3492,Default Value
151,Dazman,3492,Default Value
223,Scimonster,3492,Default Value
279,Hardmath123,3492,Default Value
403,MartinWollenweber,3492,Default Value
437,3sal2,3492,Default Value
439,Jvvg,3492,Default Value
443,Turkey3,3492,Default Value
604,ErnieParke,3492,Default Value
223,Scimonster,3558,C
439,Jvvg,3558,C
443,Turkey3,3558,C
725,ThisIsAnAccount,3558,C
763,VoxBot,3558,C
902,Kaamaj,3558,C
929,PrincessPandaLover,3558,C
940,Bigpuppy,3558,C
1037,Blue-Monkey,3558,C
1329,Customhacker,3558,C
5,Jonathanpb,3617,Block Conditions
21,Scmb1,3617,Block Conditions
24,WeirdF,3617,Block Conditions
92,UnknownPerson,3617,Block Conditions
151,Dazman,3617,Block Conditions
168,Veggieman001,3617,Block Conditions
223,Scimonster,3617,Block Conditions
439,Jvvg,3617,Block Conditions
443,Turkey3,3617,Block Conditions
560,Legobob23o,3617,Block Conditions
2,JSO,3826,Cat
19,Fg123,3826,Cat
109,NXIII,3826,Cat
221,Purika,3826,Cat
223,Scimonster,3826,Cat
279,Hardmath123,3826,Cat
725,ThisIsAnAccount,3826,Cat
1820,Jammum,3826,Cat
3470,A Nyan In Space,3826,Cat
24,WeirdF,3889,Adding yourself to your friends list
321,Comp500,3889,Adding yourself to your friends list
437,3sal2,3889,Adding yourself to your friends list
439,Jvvg,3889,Adding yourself to your friends list
443,Turkey3,3889,Adding yourself to your friends list
544,Wes64,3889,Adding yourself to your friends list
549,PhirripSyrrip,3889,Adding yourself to your friends list
565,KrIsMa,3889,Adding yourself to your friends list
566,Curiouscrab,3889,Adding yourself to your friends list
725,ThisIsAnAccount,3889,Adding yourself to your friends list
223,Scimonster,4008,1.4
393,Bsteward,4008,1.4
437,3sal2,4008,1.4
725,ThisIsAnAccount,4008,1.4
1728,CrazyBoy826,4008,1.4
2300,Naleksuh,4008,1.4
2425,84375,4008,1.4
168,Veggieman001,4009,1.3
223,Scimonster,4009,1.3
393,Bsteward,4009,1.3
725,ThisIsAnAccount,4009,1.3
3,Lucario621,4040,Args
4,Chrischb,4040,Args
5,Jonathanpb,4040,Args
24,WeirdF,4040,Args
151,Dazman,4040,Args
168,Veggieman001,4040,Args
223,Scimonster,4040,Args
416,XenoK Studios,4040,Args
439,Jvvg,4040,Args
443,Turkey3,4040,Args
4,Chrischb,4268,1S1S Project
24,WeirdF,4268,1S1S Project
40,Subh,4268,1S1S Project
223,Scimonster,4268,1S1S Project
725,ThisIsAnAccount,4268,1S1S Project
1728,CrazyBoy826,4268,1S1S Project
223,Scimonster,4748,Changing The Default Sprite
272,BWOG,4748,Changing The Default Sprite
439,Jvvg,4748,Changing The Default Sprite
443,Turkey3,4748,Changing The Default Sprite
565,KrIsMa,4748,Changing The Default Sprite
574,Jonathan50,4748,Changing The Default Sprite
725,ThisIsAnAccount,4748,Changing The Default Sprite
1,JSOadmin,5153,Blockmaking
3,Lucario621,5153,Blockmaking
4,Chrischb,5153,Blockmaking
5,Jonathanpb,5153,Blockmaking
12,Shadow 7283,5153,Blockmaking
19,Fg123,5153,Blockmaking
21,Scmb1,5153,Blockmaking
24,WeirdF,5153,Blockmaking
32,EvilGenius,5153,Blockmaking
37,LS97,5153,Blockmaking
5,Jonathanpb,5873,3D Animation
24,WeirdF,5873,3D Animation
725,ThisIsAnAccount,5873,3D Animation
1510,Apple502j,5873,3D Animation
3,Lucario621,6048,Cloud Data
4,Chrischb,6048,Cloud Data
5,Jonathanpb,6048,Cloud Data
24,WeirdF,6048,Cloud Data
151,Dazman,6048,Cloud Data
152,Paulmedwal,6048,Cloud Data
168,Veggieman001,6048,Cloud Data
223,Scimonster,6048,Cloud Data
430,Wolvesstar97,6048,Cloud Data
437,3sal2,6048,Cloud Data
4,Chrischb,6115,Backdrop
5,Jonathanpb,6115,Backdrop
24,WeirdF,6115,Backdrop
681,Mrsrec,6115,Backdrop
725,ThisIsAnAccount,6115,Backdrop
1078,Hamish752,6115,Backdrop
1469,Asqwde,6115,Backdrop
223,Scimonster,6210,Event (disambiguation)
279,Hardmath123,6210,Event (disambiguation)
443,Turkey3,6210,Event (disambiguation)
612,Mathfreak231,6210,Event (disambiguation)
680,EH7meow,6210,Event (disambiguation)
763,VoxBot,6210,Event (disambiguation)
857,Derpmeup,6210,Event (disambiguation)
940,Bigpuppy,6210,Event (disambiguation)
981,MicroMacro,6210,Event (disambiguation)
1175,IzzieDee1,6210,Event (disambiguation)
168,Veggieman001,6285,Blocks Plugin
223,Scimonster,6285,Blocks Plugin
560,Legobob23o,6285,Blocks Plugin
680,EH7meow,6285,Blocks Plugin
725,ThisIsAnAccount,6285,Blocks Plugin
851,Krett12,6285,Blocks Plugin
3717,A-MARIO-PLAYER,6285,Blocks Plugin
4,Chrischb,6414,Contest
5,Jonathanpb,6414,Contest
21,Scmb1,6414,Contest
24,WeirdF,6414,Contest
151,Dazman,6414,Contest
168,Veggieman001,6414,Contest
223,Scimonster,6414,Contest
725,ThisIsAnAccount,6414,Contest
1,JSOadmin,6477,Costume Center
3,Lucario621,6477,Costume Center
4,Chrischb,6477,Costume Center
5,Jonathanpb,6477,Costume Center
24,WeirdF,6477,Costume Center
48,SSBBM,6477,Costume Center
78,Jwosty,6477,Costume Center
149,ProgrammingFreak,6477,Costume Center
151,Dazman,6477,Costume Center
223,Scimonster,6477,Costume Center
223,Scimonster,6773,Censor
443,Turkey3,6773,Censor
604,ErnieParke,6773,Censor
681,Mrsrec,6773,Censor
725,ThisIsAnAccount,6773,Censor
763,VoxBot,6773,Censor
1339,Kenny2scratch,6773,Censor
1728,CrazyBoy826,6773,Censor
566,Curiouscrab,7483,Current Events
604,ErnieParke,7483,Current Events
725,ThisIsAnAccount,7483,Current Events
857,Derpmeup,7483,Current Events
3128,Gdxfor,7483,Current Events
566,Curiouscrab,7527,(Mouse Y)
725,ThisIsAnAccount,7527,(Mouse Y)
3128,Gdxfor,7527,(Mouse Y)
3502,Ninjahanzo,7527,(Mouse Y)
566,Curiouscrab,7533,(X Position)
612,Mathfreak231,7533,(X Position)
725,ThisIsAnAccount,7533,(X Position)
3128,Gdxfor,7533,(X Position)
223,Scimonster,7849,2013
439,Jvvg,7849,2013
565,KrIsMa,7849,2013
681,Mrsrec,7849,2013
725,ThisIsAnAccount,7849,2013
929,PrincessPandaLover,7849,2013
940,Bigpuppy,7849,2013
1339,Kenny2scratch,7849,2013
4,Chrischb,8015,Distance (LEGO Education WeDo 2.0 block)
5,Jonathanpb,8015,Distance (LEGO Education WeDo 2.0 block)
21,Scmb1,8015,Distance (LEGO Education WeDo 2.0 block)
48,SSBBM,8015,Distance (LEGO Education WeDo 2.0 block)
168,Veggieman001,8015,Distance (LEGO Education WeDo 2.0 block)
223,Scimonster,8015,Distance (LEGO Education WeDo 2.0 block)
241,SpiritMaster,8015,Distance (LEGO Education WeDo 2.0 block)
279,Hardmath123,8015,Distance (LEGO Education WeDo 2.0 block)
315,Coinman,8015,Distance (LEGO Education WeDo 2.0 block)
389,XenoKStudios,8015,Distance (LEGO Education WeDo 2.0 block)
49,Ihaveamac,8099,.sb
223,Scimonster,8099,.sb
428,Blob8108,8099,.sb
574,Jonathan50,8099,.sb
725,ThisIsAnAccount,8099,.sb
2,JSO,8409,Creating a Color Palette
3,Lucario621,8409,Creating a Color Palette
4,Chrischb,8409,Creating a Color Palette
5,Jonathanpb,8409,Creating a Color Palette
11,Greatdane,8409,Creating a Color Palette
21,Scmb1,8409,Creating a Color Palette
24,WeirdF,8409,Creating a Color Palette
37,LS97,8409,Creating a Color Palette
49,Ihaveamac,8409,Creating a Color Palette
122,DistantVisit,8409,Creating a Color Palette
4,Chrischb,8476,Editing Area
24,WeirdF,8476,Editing Area
566,Curiouscrab,8476,Editing Area
725,ThisIsAnAccount,8476,Editing Area
1728,CrazyBoy826,8476,Editing Area
5,Jonathanpb,8572,Divide
168,Veggieman001,8572,Divide
223,Scimonster,8572,Divide
439,Jvvg,8572,Divide
560,Legobob23o,8572,Divide
604,ErnieParke,8572,Divide
612,Mathfreak231,8572,Divide
725,ThisIsAnAccount,8572,Divide
763,VoxBot,8572,Divide
2555,TheTrillion,8572,Divide
168,Veggieman001,8992,File Format
223,Scimonster,8992,File Format
428,Blob8108,8992,File Format
437,3sal2,8992,File Format
439,Jvvg,8992,File Format
443,Turkey3,8992,File Format
565,KrIsMa,8992,File Format
566,Curiouscrab,8992,File Format
612,Mathfreak231,8992,File Format
680,EH7meow,8992,File Format
24,WeirdF,8996,Curated
223,Scimonster,8996,Curated
566,Curiouscrab,8996,Curated
725,ThisIsAnAccount,8996,Curated
4,Chrischb,9159,About Scratch (forum)
24,WeirdF,9159,About Scratch (forum)
49,Ihaveamac,9159,About Scratch (forum)
149,ProgrammingFreak,9159,About Scratch (forum)
168,Veggieman001,9159,About Scratch (forum)
223,Scimonster,9159,About Scratch (forum)
272,BWOG,9159,About Scratch (forum)
725,ThisIsAnAccount,9159,About Scratch (forum)
437,3sal2,9237,Displaying Time
443,Turkey3,9237,Displaying Time
612,Mathfreak231,9237,Displaying Time
725,ThisIsAnAccount,9237,Displaying Time
763,VoxBot,9237,Displaying Time
1339,Kenny2scratch,9237,Displaying Time
1510,Apple502j,9237,Displaying Time
24,WeirdF,9417,Color Palette
168,Veggieman001,9417,Color Palette
223,Scimonster,9417,Color Palette
439,Jvvg,9417,Color Palette
443,Turkey3,9417,Color Palette
680,EH7meow,9417,Color Palette
681,Mrsrec,9417,Color Palette
725,ThisIsAnAccount,9417,Color Palette
763,VoxBot,9417,Color Palette
940,Bigpuppy,9417,Color Palette
1,JSOadmin,12111,Curator (studio)
2,JSO,12111,Curator (studio)
3,Lucario621,12111,Curator (studio)
4,Chrischb,12111,Curator (studio)
5,Jonathanpb,12111,Curator (studio)
18,Demosthenes,12111,Curator (studio)
21,Scmb1,12111,Curator (studio)
23,Steppenwulf,12111,Curator (studio)
24,WeirdF,12111,Curator (studio)
27,Illusionist,12111,Curator (studio)
3,Lucario621,12170,Customizable User Page Ideas
5,Jonathanpb,12170,Customizable User Page Ideas
24,WeirdF,12170,Customizable User Page Ideas
44,JTxt,12170,Customizable User Page Ideas
48,SSBBM,12170,Customizable User Page Ideas
168,Veggieman001,12170,Customizable User Page Ideas
223,Scimonster,12170,Customizable User Page Ideas
437,3sal2,12170,Customizable User Page Ideas
443,Turkey3,12170,Customizable User Page Ideas
577,Sonicgames20,12170,Customizable User Page Ideas
2,JSO,14100,Can Scratch's project resolution be changed?
168,Veggieman001,14100,Can Scratch's project resolution be changed?
223,Scimonster,14100,Can Scratch's project resolution be changed?
437,3sal2,14100,Can Scratch's project resolution be changed?
438,Technoboy10,14100,Can Scratch's project resolution be changed?
439,Jvvg,14100,Can Scratch's project resolution be changed?
443,Turkey3,14100,Can Scratch's project resolution be changed?
454,360-International,14100,Can Scratch's project resolution be changed?
612,Mathfreak231,14100,Can Scratch's project resolution be changed?
680,EH7meow,14100,Can Scratch's project resolution be changed?
437,3sal2,14423,Discussion Forums/List of all forums
439,Jvvg,14423,Discussion Forums/List of all forums
763,VoxBot,14423,Discussion Forums/List of all forums
940,Bigpuppy,14423,Discussion Forums/List of all forums
964,St19 galla,14423,Discussion Forums/List of all forums
1047,AghaCool,14423,Discussion Forums/List of all forums
1078,Hamish752,14423,Discussion Forums/List of all forums
1080,BF10,14423,Discussion Forums/List of all forums
1130,Mitopolis,14423,Discussion Forums/List of all forums
1145,The2000,14423,Discussion Forums/List of all forums
168,Veggieman001,14755,Data (disambiguation)
223,Scimonster,14755,Data (disambiguation)
428,Blob8108,14755,Data (disambiguation)
437,3sal2,14755,Data (disambiguation)
439,Jvvg,14755,Data (disambiguation)
443,Turkey3,14755,Data (disambiguation)
536,Dvd4,14755,Data (disambiguation)
540,Fetchydog567,14755,Data (disambiguation)
725,ThisIsAnAccount,14755,Data (disambiguation)
1,JSOadmin,15114,Collaboration Accounts
2,JSO,15114,Collaboration Accounts
3,Lucario621,15114,Collaboration Accounts
4,Chrischb,15114,Collaboration Accounts
5,Jonathanpb,15114,Collaboration Accounts
6,Andresmh,15114,Collaboration Accounts
12,Shadow 7283,15114,Collaboration Accounts
21,Scmb1,15114,Collaboration Accounts
24,WeirdF,15114,Collaboration Accounts
91,DIY,15114,Collaboration Accounts
223,Scimonster,16147,Delete a Variable
443,Turkey3,16147,Delete a Variable
565,KrIsMa,16147,Delete a Variable
612,Mathfreak231,16147,Delete a Variable
763,VoxBot,16147,Delete a Variable
1339,Kenny2scratch,16147,Delete a Variable
1424,Gabriel2900,16147,Delete a Variable
1510,Apple502j,16147,Delete a Variable
1516,TemplatesFTW,16147,Delete a Variable
3128,Gdxfor,16147,Delete a Variable
1,JSOadmin,18383,Directory
3,Lucario621,18383,Directory
4,Chrischb,18383,Directory
5,Jonathanpb,18383,Directory
21,Scmb1,18383,Directory
24,WeirdF,18383,Directory
725,ThisIsAnAccount,18383,Directory
4,Chrischb,18961,Error (2.0)
5,Jonathanpb,18961,Error (2.0)
21,Scmb1,18961,Error (2.0)
24,WeirdF,18961,Error (2.0)
107,Enzo1997,18961,Error (2.0)
168,Veggieman001,18961,Error (2.0)
223,Scimonster,18961,Error (2.0)
574,Jonathan50,18961,Error (2.0)
612,Mathfreak231,18961,Error (2.0)
667,LiFaytheGoblin,18961,Error (2.0)
5,Jonathanpb,19408,5 Random Facts About Me
24,WeirdF,19408,5 Random Facts About Me
151,Dazman,19408,5 Random Facts About Me
223,Scimonster,19408,5 Random Facts About Me
437,3sal2,19408,5 Random Facts About Me
566,Curiouscrab,19408,5 Random Facts About Me
725,ThisIsAnAccount,19408,5 Random Facts About Me
1613,Mrcomputer1,19408,5 Random Facts About Me
168,Veggieman001,19970,Edit (disambiguation)
437,3sal2,19970,Edit (disambiguation)
443,Turkey3,19970,Edit (disambiguation)
565,KrIsMa,19970,Edit (disambiguation)
574,Jonathan50,19970,Edit (disambiguation)
612,Mathfreak231,19970,Edit (disambiguation)
713,Scratchisthebest,19970,Edit (disambiguation)
763,VoxBot,19970,Edit (disambiguation)
843,Djdolphin,19970,Edit (disambiguation)
854,Davidovski,19970,Edit (disambiguation)
3,Lucario621,24740,Be Moist
4,Chrischb,24740,Be Moist
5,Jonathanpb,24740,Be Moist
6,Andresmh,24740,Be Moist
24,WeirdF,24740,Be Moist
162,OldWheezerGeezer,24740,Be Moist
168,Veggieman001,24740,Be Moist
223,Scimonster,24740,Be Moist
248,IHeartGaming,24740,Be Moist
353,SJRCS 011,24740,Be Moist
24,WeirdF,27013,Broken Thumbnail and Profile Picture Bug
223,Scimonster,27013,Broken Thumbnail and Profile Picture Bug
439,Jvvg,27013,Broken Thumbnail and Profile Picture Bug
443,Turkey3,27013,Broken Thumbnail and Profile Picture Bug
565,KrIsMa,27013,Broken Thumbnail and Profile Picture Bug
612,Mathfreak231,27013,Broken Thumbnail and Profile Picture Bug
725,ThisIsAnAccount,27013,Broken Thumbnail and Profile Picture Bug
763,VoxBot,27013,Broken Thumbnail and Profile Picture Bug
24,WeirdF,28078,Bigger than
223,Scimonster,28078,Bigger than
439,Jvvg,28078,Bigger than
560,Legobob23o,28078,Bigger than
725,ThisIsAnAccount,28078,Bigger than
4,Chrischb,28580,Federation
5,Jonathanpb,28580,Federation
24,WeirdF,28580,Federation
49,Ihaveamac,28580,Federation
202,Jirachiwishu,28580,Federation
223,Scimonster,28580,Federation
272,BWOG,28580,Federation
279,Hardmath123,28580,Federation
437,3sal2,28580,Federation
439,Jvvg,28580,Federation
4,Chrischb,30728,April Fools Day - Suggest-Show-Question-Bugs-Help-Glitch-Tell-Etc (forum)
5,Jonathanpb,30728,April Fools Day - Suggest-Show-Question-Bugs-Help-Glitch-Tell-Etc (forum)
24,WeirdF,30728,April Fools Day - Suggest-Show-Question-Bugs-Help-Glitch-Tell-Etc (forum)
89,Wolfie1996,30728,April Fools Day - Suggest-Show-Question-Bugs-Help-Glitch-Tell-Etc (forum)
149,ProgrammingFreak,30728,April Fools Day - Suggest-Show-Question-Bugs-Help-Glitch-Tell-Etc (forum)
168,Veggieman001,30728,April Fools Day - Suggest-Show-Question-Bugs-Help-Glitch-Tell-Etc (forum)
223,Scimonster,30728,April Fools Day - Suggest-Show-Question-Bugs-Help-Glitch-Tell-Etc (forum)
272,BWOG,30728,April Fools Day - Suggest-Show-Question-Bugs-Help-Glitch-Tell-Etc (forum)
424,Joletole,30728,April Fools Day - Suggest-Show-Question-Bugs-Help-Glitch-Tell-Etc (forum)
454,360-International,30728,April Fools Day - Suggest-Show-Question-Bugs-Help-Glitch-Tell-Etc (forum)
24,WeirdF,32468,Energy Units
151,Dazman,32468,Energy Units
168,Veggieman001,32468,Energy Units
223,Scimonster,32468,Energy Units
279,Hardmath123,32468,Energy Units
437,3sal2,32468,Energy Units
443,Turkey3,32468,Energy Units
565,KrIsMa,32468,Energy Units
604,ErnieParke,32468,Energy Units
667,LiFaytheGoblin,32468,Energy Units
4,Chrischb,35342,April Fool's SDS
24,WeirdF,35342,April Fool's SDS
223,Scimonster,35342,April Fool's SDS
437,3sal2,35342,April Fool's SDS
565,KrIsMa,35342,April Fool's SDS
574,Jonathan50,35342,April Fool's SDS
604,ErnieParke,35342,April Fool's SDS
612,Mathfreak231,35342,April Fool's SDS
725,ThisIsAnAccount,35342,April Fool's SDS
3502,Ninjahanzo,35342,April Fool's SDS
