percent-grammar-1,logistic?,alpha,gamma,mean_state,nodes _09
55,true,0.025,0.02,0.6255916007772406,0.29
55,true,0.025,0.02,0.6190517771075033,0.2
55,true,0.025,0.02,0.6227552786763035,0.35
55,true,0.025,0.02,0.6160833866741753,0.25
55,true,0.025,0.02,0.6378174107898229,0.31
55,true,0.025,0.02,0.6116074088578599,0.39
55,true,0.025,0.02,0.6117654709791285,0.31
55,true,0.025,0.02,0.615547643865878,0.38
55,true,0.025,0.02,0.6262780999169802,0.31
55,true,0.025,0.02,0.6309080418455835,0.31
55,true,0.025,0.02,0.6118243169371258,0.27
55,true,0.025,0.02,0.6278561018772773,0.3
55,true,0.025,0.02,0.6079228882206156,0.28
55,true,0.025,0.02,0.6133989430545767,0.37
55,true,0.025,0.02,0.6088879659939365,0.3
55,true,0.025,0.02,0.6165365397646105,0.3
55,true,0.025,0.02,0.6250062049330815,0.29
55,true,0.025,0.02,0.6295163756961898,0.3
55,true,0.025,0.02,0.616830523582384,0.31
55,true,0.025,0.02,0.6303036197795857,0.29
55,true,0.025,0.03,0.67683335027057,0.37
55,true,0.025,0.03,0.6806772681828877,0.38
55,true,0.025,0.03,0.6662997512639983,0.41
55,true,0.025,0.03,0.6685232423596785,0.32
55,true,0.025,0.03,0.6793897076264248,0.31
55,true,0.025,0.03,0.6754283511507595,0.37
55,true,0.025,0.03,0.6897896928841358,0.35
55,true,0.025,0.03,0.676739795845454,0.37
55,true,0.025,0.03,0.6701238746805767,0.39
55,true,0.025,0.03,0.6660800513179912,0.32
55,true,0.025,0.03,0.6558097059412603,0.29
55,true,0.025,0.03,0.6517298162906866,0.27
55,true,0.025,0.03,0.6660266936275872,0.32
55,true,0.025,0.03,0.6754702931294537,0.31
55,true,0.025,0.03,0.6531692084035963,0.32
55,true,0.025,0.03,0.651705597748029,0.32
55,true,0.025,0.03,0.6650183626283451,0.29
55,true,0.025,0.03,0.6675399179420506,0.32
55,true,0.025,0.03,0.6646006722829856,0.38
55,true,0.025,0.03,0.6704200131961814,0.33
55,true,0.025,0.04,0.7573758228236269,0.44
55,true,0.025,0.04,0.6817982935447334,0.35
55,true,0.025,0.04,0.7527149740295472,0.36
55,true,0.025,0.04,0.731935713696178,0.4
55,true,0.025,0.04,0.7448720867253564,0.36
55,true,0.025,0.04,0.7275472398987937,0.4
55,true,0.025,0.04,0.734822891703016,0.33
55,true,0.025,0.04,0.7191121346501435,0.35
55,true,0.025,0.04,0.7654096533949847,0.43
55,true,0.025,0.04,0.7580616390870247,0.4
55,true,0.025,0.04,0.72855914480445,0.31
55,true,0.025,0.04,0.7168596887369664,0.37
55,true,0.025,0.04,0.7221355863376097,0.4
55,true,0.025,0.04,0.7168038729462777,0.35
55,true,0.025,0.04,0.740183826724176,0.36
55,true,0.025,0.04,0.7502090890768097,0.4
55,true,0.025,0.04,0.7191665223036975,0.34
55,true,0.025,0.04,0.7078373374934285,0.26
55,true,0.025,0.04,0.7193027136631123,0.37
55,true,0.025,0.04,0.7250545373360927,0.36
55,true,0.03,0.02,0.6148073144037403,0.32
55,true,0.03,0.02,0.6228023813165808,0.33
55,true,0.03,0.02,0.6349443535649977,0.39
55,true,0.03,0.02,0.6211047545411449,0.31
55,true,0.03,0.02,0.6148794134827328,0.32
55,true,0.03,0.02,0.6082299968900324,0.32
55,true,0.03,0.02,0.6303661569611366,0.35
55,true,0.03,0.02,0.6493238072976605,0.38
55,true,0.03,0.02,0.6236546604919301,0.38
55,true,0.03,0.02,0.6105961944913069,0.26
55,true,0.03,0.02,0.6466693515684939,0.33
55,true,0.03,0.02,0.6039181822990186,0.27
55,true,0.03,0.02,0.62653881360336,0.32
55,true,0.03,0.02,0.632775387730225,0.35
55,true,0.03,0.02,0.6383217798170504,0.29
55,true,0.03,0.02,0.6362697974866199,0.34
55,true,0.03,0.02,0.6040925957602826,0.27
55,true,0.03,0.02,0.620859094078554,0.34
55,true,0.03,0.02,0.6322555274540801,0.33
55,true,0.03,0.02,0.6223689160577418,0.39
55,true,0.03,0.03,0.684387764866706,0.38
55,true,0.03,0.03,0.6958317014488994,0.33
55,true,0.03,0.03,0.6961510759803291,0.35
55,true,0.03,0.03,0.6610145341700691,0.33
55,true,0.03,0.03,0.6971069160161947,0.33
55,true,0.03,0.03,0.6709514190802157,0.38
55,true,0.03,0.03,0.7078427270787122,0.33
55,true,0.03,0.03,0.6824592404587706,0.27
55,true,0.03,0.03,0.6841864019419955,0.33
55,true,0.03,0.03,0.6614352503999086,0.36
55,true,0.03,0.03,0.705167137390325,0.36
55,true,0.03,0.03,0.7045504912411035,0.34
55,true,0.03,0.03,0.6685625567047873,0.35
55,true,0.03,0.03,0.700574964634271,0.37
55,true,0.03,0.03,0.6680058746868327,0.33
55,true,0.03,0.03,0.6648089255537871,0.38
55,true,0.03,0.03,0.6735037889462501,0.35
55,true,0.03,0.03,0.6807518044716484,0.35
55,true,0.03,0.03,0.6818821922419402,0.32
55,true,0.03,0.03,0.6521719858070333,0.33
55,true,0.03,0.04,0.7456962722828304,0.34
55,true,0.03,0.04,0.7418773126057038,0.43
55,true,0.03,0.04,0.7453463470716247,0.43
55,true,0.03,0.04,0.7406053175275722,0.39
55,true,0.03,0.04,0.7582552087699689,0.43
55,true,0.03,0.04,0.7366932504561848,0.34
55,true,0.03,0.04,0.716789981615195,0.3
55,true,0.03,0.04,0.7379245918495245,0.42
55,true,0.03,0.04,0.7534568170985331,0.39
55,true,0.03,0.04,0.7315627354929726,0.37
55,true,0.03,0.04,0.6989843359572774,0.36
55,true,0.03,0.04,0.746021995806619,0.38
55,true,0.03,0.04,0.7141869249799562,0.41
55,true,0.03,0.04,0.7346769557785364,0.36
55,true,0.03,0.04,0.7484049210862186,0.44
55,true,0.03,0.04,0.748436375840963,0.41
55,true,0.03,0.04,0.7147704902324841,0.41
55,true,0.03,0.04,0.7292643266352036,0.48
55,true,0.03,0.04,0.7435383982052615,0.34
55,true,0.03,0.04,0.7285967094539196,0.41
55,true,0.035,0.02,0.6376910450341562,0.32
55,true,0.035,0.02,0.6291748640124005,0.26
55,true,0.035,0.02,0.637632521354139,0.29
55,true,0.035,0.02,0.636072537128096,0.31
55,true,0.035,0.02,0.6260646896694142,0.27
55,true,0.035,0.02,0.6234875000610125,0.27
55,true,0.035,0.02,0.6395971680263827,0.34
55,true,0.035,0.02,0.6169867472809594,0.36
55,true,0.035,0.02,0.6239878523805682,0.32
55,true,0.035,0.02,0.6245177367532084,0.26
55,true,0.035,0.02,0.636621687554084,0.3
55,true,0.035,0.02,0.6281876814590379,0.37
55,true,0.035,0.02,0.6386578594404211,0.29
55,true,0.035,0.02,0.6367909126507127,0.35
55,true,0.035,0.02,0.6299196634146894,0.26
55,true,0.035,0.02,0.6376528969531483,0.31
55,true,0.035,0.02,0.63666097749547,0.27
55,true,0.035,0.02,0.6468845029331952,0.34
55,true,0.035,0.02,0.6370719120404936,0.34
55,true,0.035,0.02,0.6326596071862199,0.37
55,true,0.035,0.03,0.6824790306827204,0.31
55,true,0.035,0.03,0.7118193943541351,0.37
55,true,0.035,0.03,0.7134753710862443,0.38
55,true,0.035,0.03,0.6765560744572352,0.34
55,true,0.035,0.03,0.6818252836435164,0.36
55,true,0.035,0.03,0.686494259831778,0.35
55,true,0.035,0.03,0.7074231378736754,0.36
55,true,0.035,0.03,0.6981030118217972,0.34
55,true,0.035,0.03,0.6766254553552044,0.35
55,true,0.035,0.03,0.6984613232310974,0.32
55,true,0.035,0.03,0.692764139028951,0.38
55,true,0.035,0.03,0.6912487596350335,0.3
55,true,0.035,0.03,0.7058134181048346,0.34
55,true,0.035,0.03,0.6907835955922341,0.34
55,true,0.035,0.03,0.7261585783231364,0.33
55,true,0.035,0.03,0.6846549680390496,0.38
55,true,0.035,0.03,0.7046765899497552,0.3
55,true,0.035,0.03,0.6837683367155241,0.27
55,true,0.035,0.03,0.6808347079591619,0.25
55,true,0.035,0.03,0.6717932260848631,0.32
55,true,0.035,0.04,0.7217667866692853,0.43
55,true,0.035,0.04,0.7459420176382493,0.3
55,true,0.035,0.04,0.7625054787098113,0.42
55,true,0.035,0.04,0.7696843720342649,0.49
55,true,0.035,0.04,0.7529355094431952,0.4
55,true,0.035,0.04,0.7269877561988346,0.43
55,true,0.035,0.04,0.7424276710580422,0.44
55,true,0.035,0.04,0.7121232676420104,0.42
55,true,0.035,0.04,0.7554623194528002,0.43
55,true,0.035,0.04,0.7673221658860335,0.36
55,true,0.035,0.04,0.7566143588021926,0.44
55,true,0.035,0.04,0.7212286712251021,0.44
55,true,0.035,0.04,0.7572649465939756,0.43
55,true,0.035,0.04,0.7553349757085794,0.4
55,true,0.035,0.04,0.7562136586769723,0.35
55,true,0.035,0.04,0.7251462846251028,0.42
55,true,0.035,0.04,0.7690786249400153,0.44
55,true,0.035,0.04,0.7682689448927813,0.49
55,true,0.035,0.04,0.749856959783417,0.43
55,true,0.035,0.04,0.7483227739798459,0.4
55,true,0.04,0.02,0.6294106419552621,0.3
55,true,0.04,0.02,0.649505763776297,0.34
55,true,0.04,0.02,0.6369859270480849,0.3
55,true,0.04,0.02,0.6347385904520967,0.34
55,true,0.04,0.02,0.6400403641317348,0.36
55,true,0.04,0.02,0.6372865954162171,0.32
55,true,0.04,0.02,0.6370369398182859,0.32
55,true,0.04,0.02,0.6424112677851239,0.36
55,true,0.04,0.02,0.6491225982421617,0.39
55,true,0.04,0.02,0.6356462816929147,0.34
55,true,0.04,0.02,0.650923228704194,0.32
55,true,0.04,0.02,0.6425674244915472,0.26
55,true,0.04,0.02,0.6211061354425081,0.27
55,true,0.04,0.02,0.6386289021624191,0.39
55,true,0.04,0.02,0.6392241897870096,0.29
55,true,0.04,0.02,0.641524896722771,0.32
55,true,0.04,0.02,0.6476575493183657,0.38
55,true,0.04,0.02,0.6245568672371392,0.31
55,true,0.04,0.02,0.6316048697624038,0.31
55,true,0.04,0.03,0.7020796192587365,0.4
55,true,0.04,0.03,0.7123999107135106,0.38
55,true,0.04,0.03,0.7079489773633355,0.34
55,true,0.04,0.02,0.630737256876528,0.33
55,true,0.04,0.03,0.7102897799290332,0.33
55,true,0.04,0.03,0.7133065891734437,0.4
55,true,0.04,0.03,0.7085210105216015,0.39
55,true,0.04,0.03,0.7067904671565775,0.41
55,true,0.04,0.03,0.7050019890478901,0.4
55,true,0.04,0.03,0.6867777304099072,0.44
55,true,0.04,0.03,0.728670864048365,0.39
55,true,0.04,0.03,0.6941804540991012,0.37
55,true,0.04,0.03,0.7138018719840126,0.35
55,true,0.04,0.03,0.6968338581329695,0.36
55,true,0.04,0.03,0.6982558723055967,0.3
55,true,0.04,0.03,0.7115856929436255,0.37
55,true,0.04,0.03,0.6775627692311859,0.38
55,true,0.04,0.03,0.6942276862724741,0.37
55,true,0.04,0.03,0.6659393762320627,0.39
55,true,0.04,0.03,0.7087649476380038,0.39
55,true,0.04,0.03,0.6739010755549518,0.41
55,true,0.04,0.04,0.7678728196348635,0.41
55,true,0.04,0.04,0.7557857964800813,0.47
55,true,0.04,0.04,0.7551199050636217,0.42
55,true,0.04,0.04,0.746163178335695,0.44
55,true,0.04,0.04,0.7757589273082272,0.49
55,true,0.04,0.04,0.7343481348053484,0.46
55,true,0.04,0.04,0.7468285931251323,0.41
55,true,0.04,0.04,0.7600538632779203,0.47
55,true,0.04,0.04,0.7477952023520479,0.43
55,true,0.04,0.04,0.7682799131985181,0.44
55,true,0.04,0.04,0.7542621695576553,0.44
55,true,0.04,0.04,0.7741207812797265,0.44
55,true,0.04,0.04,0.7477629655120717,0.36
55,true,0.04,0.04,0.7743647521372006,0.48
55,true,0.04,0.04,0.7819995872173513,0.47
55,true,0.04,0.04,0.7720562748881774,0.41
55,true,0.04,0.04,0.7747666066063332,0.39
55,true,0.04,0.04,0.7478631536367569,0.4
55,true,0.04,0.04,0.7559767190413502,0.47
55,false,0.025,0.02,0.6555251652031343,0.3
55,true,0.04,0.04,0.770758476008616,0.44
55,false,0.025,0.02,0.6429040132942112,0.33
55,false,0.025,0.02,0.6500082839396852,0.3
55,false,0.025,0.02,0.6437642549915978,0.3
55,false,0.025,0.02,0.654638447600006,0.3
55,false,0.025,0.02,0.6595324687871181,0.34
55,false,0.025,0.02,0.6713607874620945,0.35
55,false,0.025,0.02,0.6419953101484498,0.36
55,false,0.025,0.02,0.6379271102184071,0.38
55,false,0.025,0.02,0.6437376105001527,0.31
55,false,0.025,0.02,0.6562230268085786,0.36
55,false,0.025,0.02,0.6564733732050899,0.36
55,false,0.025,0.02,0.6571957357377614,0.34
55,false,0.025,0.02,0.6593247264355564,0.35
55,false,0.025,0.02,0.650743321560331,0.38
55,false,0.025,0.02,0.6263276340888858,0.27
55,false,0.025,0.02,0.6279138858447396,0.36
55,false,0.025,0.02,0.6359155094935107,0.34
55,false,0.025,0.02,0.6337237795755937,0.35
55,false,0.025,0.02,0.6482981865900238,0.37
55,false,0.025,0.03,0.710969390272353,0.38
55,false,0.025,0.03,0.7266775566403486,0.37
55,false,0.025,0.03,0.6989327363487905,0.39
55,false,0.025,0.03,0.7216736016810492,0.43
55,false,0.025,0.03,0.7219945472669579,0.34
55,false,0.025,0.03,0.7226329590596589,0.36
55,false,0.025,0.03,0.7321328654591294,0.38
55,false,0.025,0.03,0.7129948411716371,0.37
55,false,0.025,0.03,0.7246279118237626,0.37
55,false,0.025,0.03,0.7255842196713574,0.38
55,false,0.025,0.03,0.7210770842876235,0.4
55,false,0.025,0.03,0.7144602675982432,0.39
55,false,0.025,0.03,0.7072796566043449,0.36
55,false,0.025,0.03,0.7151184454732784,0.41
55,false,0.025,0.03,0.717334379763509,0.37
55,false,0.025,0.03,0.6866232749548654,0.34
55,false,0.025,0.03,0.7193410423862417,0.4
55,false,0.025,0.03,0.7144553013826465,0.38
55,false,0.025,0.03,0.7089182375656955,0.29
55,false,0.025,0.03,0.695231557165088,0.37
55,false,0.025,0.04,0.7737266436131227,0.44
55,false,0.025,0.04,0.7733711521156486,0.43
55,false,0.025,0.04,0.7644646813437039,0.43
55,false,0.025,0.04,0.7510617168937891,0.44
55,false,0.025,0.04,0.7331567894459305,0.45
55,false,0.025,0.04,0.7696818548186806,0.44
55,false,0.025,0.04,0.7648961228731663,0.42
55,false,0.025,0.04,0.766404230605157,0.44
55,false,0.025,0.04,0.763441038968017,0.41
55,false,0.025,0.04,0.774362435153118,0.37
55,false,0.025,0.04,0.774586122686456,0.44
55,false,0.025,0.04,0.765921346870051,0.45
55,false,0.025,0.04,0.76215362281218,0.45
55,false,0.025,0.04,0.7597577152771946,0.42
55,false,0.025,0.04,0.7854994259747511,0.42
55,false,0.025,0.04,0.770390492429805,0.46
55,false,0.025,0.04,0.7712891874010814,0.46
55,false,0.025,0.04,0.7769897443848889,0.45
55,false,0.025,0.04,0.7780232001151552,0.46
55,false,0.025,0.04,0.7711184962923359,0.41
55,false,0.03,0.02,0.6540346707118672,0.35
55,false,0.03,0.02,0.637545162844917,0.36
55,false,0.03,0.02,0.6432676658421499,0.28
55,false,0.03,0.02,0.6435678961338053,0.3
55,false,0.03,0.02,0.6663146663549724,0.32
55,false,0.03,0.02,0.6492479878524007,0.39
55,false,0.03,0.02,0.6558177499898438,0.28
55,false,0.03,0.02,0.651332680203208,0.3
55,false,0.03,0.02,0.6492347667673752,0.33
55,false,0.03,0.02,0.6374447438664583,0.26
55,false,0.03,0.02,0.6498449958688503,0.3
55,false,0.03,0.02,0.6377019813231807,0.28
55,false,0.03,0.02,0.6419247417938136,0.32
55,false,0.03,0.02,0.6574935172188282,0.32
55,false,0.03,0.02,0.6509512971000845,0.34
55,false,0.03,0.02,0.6522249461044975,0.31
55,false,0.03,0.02,0.6585690089549158,0.35
55,false,0.03,0.02,0.6579800858323059,0.36
55,false,0.03,0.02,0.6546755313829297,0.3
55,false,0.03,0.02,0.6508711255761458,0.32
55,false,0.03,0.03,0.7113153687629579,0.41
55,false,0.03,0.03,0.7092163250612373,0.38
55,false,0.03,0.03,0.7062043753283526,0.36
55,false,0.03,0.03,0.7262059873168774,0.38
55,false,0.03,0.03,0.7037522990352889,0.33
55,false,0.03,0.03,0.7331111154173897,0.37
55,false,0.03,0.03,0.6995663357779383,0.36
55,false,0.03,0.03,0.7110531734505149,0.35
55,false,0.03,0.03,0.6899990833511827,0.4
55,false,0.03,0.03,0.7171357707800387,0.38
55,false,0.03,0.03,0.7117571273541979,0.36
55,false,0.03,0.03,0.7227350057822659,0.44
55,false,0.03,0.03,0.6985374596772183,0.37
55,false,0.03,0.03,0.7245033585404097,0.4
55,false,0.03,0.03,0.7101603782783833,0.37
55,false,0.03,0.03,0.7226879894621656,0.33
55,false,0.03,0.03,0.695336346483393,0.38
55,false,0.03,0.03,0.7279107007914074,0.4
55,false,0.03,0.04,0.770008170031004,0.4
55,false,0.03,0.03,0.7292693165065361,0.41
55,false,0.03,0.03,0.7179594289051333,0.37
55,false,0.03,0.04,0.7878761151087222,0.45
55,false,0.03,0.04,0.7503224473354062,0.43
55,false,0.03,0.04,0.7483220057041539,0.43
55,false,0.03,0.04,0.7869787901012414,0.48
55,false,0.03,0.04,0.7656287082353108,0.44
55,false,0.03,0.04,0.7443402393881786,0.41
55,false,0.03,0.04,0.7625031013439663,0.44
55,false,0.03,0.04,0.7809962782142569,0.44
55,false,0.03,0.04,0.7558003718275106,0.46
55,false,0.03,0.04,0.7770097184471747,0.43
55,false,0.03,0.04,0.7775571611374476,0.47
55,false,0.03,0.04,0.7668831428262547,0.46
55,false,0.03,0.04,0.7704140068092303,0.37
55,false,0.03,0.04,0.7659079105164602,0.44
55,false,0.03,0.04,0.7647937085516187,0.47
55,false,0.03,0.04,0.7688612068838758,0.46
55,false,0.03,0.04,0.7756600941250071,0.4
55,false,0.03,0.04,0.7876287838561027,0.41
55,false,0.03,0.04,0.7314626724937692,0.43
55,false,0.035,0.02,0.6292107636705012,0.31
55,false,0.035,0.02,0.658291408122966,0.36
55,false,0.035,0.02,0.6521134990955645,0.34
55,false,0.035,0.02,0.6591138368077419,0.33
55,false,0.035,0.02,0.660145368745295,0.37
55,false,0.035,0.02,0.646292502654953,0.36
55,false,0.035,0.02,0.6393030763124196,0.31
55,false,0.035,0.02,0.6557675004507515,0.34
55,false,0.035,0.02,0.6583746574237419,0.31
55,false,0.035,0.02,0.6477464989138761,0.34
55,false,0.035,0.02,0.6484886951872368,0.3
55,false,0.035,0.02,0.6564816687410365,0.26
55,false,0.035,0.02,0.6565593965329795,0.38
55,false,0.035,0.02,0.6509262949784741,0.31
55,false,0.035,0.02,0.6577057984254135,0.34
55,false,0.035,0.02,0.6564146034532521,0.4
55,false,0.035,0.02,0.6419832725014822,0.37
55,false,0.035,0.02,0.6609704542460529,0.34
55,false,0.035,0.02,0.6644333708601781,0.37
55,false,0.035,0.02,0.6634460532680329,0.33
55,false,0.035,0.03,0.7267936883262177,0.43
55,false,0.035,0.03,0.72536145632776,0.39
55,false,0.035,0.03,0.7010213608185561,0.38
55,false,0.035,0.03,0.7025835320291638,0.35
55,false,0.035,0.03,0.7406756789940225,0.38
55,false,0.035,0.03,0.7261223326326534,0.4
55,false,0.035,0.03,0.7118376611003546,0.41
55,false,0.035,0.03,0.7160295700984274,0.37
55,false,0.035,0.03,0.7169887703182325,0.44
55,false,0.035,0.03,0.7231632913995069,0.32
55,false,0.035,0.03,0.6994190881608537,0.4
55,false,0.035,0.03,0.7329350809536086,0.4
55,false,0.035,0.03,0.6899791492312046,0.39
55,false,0.035,0.03,0.7154983613148425,0.39
55,false,0.035,0.03,0.722135106625221,0.38
55,false,0.035,0.03,0.7083428979748442,0.34
55,false,0.035,0.03,0.7318681789958973,0.41
55,false,0.035,0.03,0.7031268793056392,0.31
55,false,0.035,0.03,0.7145347188326118,0.43
55,false,0.035,0.03,0.718152814141073,0.42
55,false,0.035,0.04,0.7500074323745004,0.37
55,false,0.035,0.04,0.7804371554502496,0.4
55,false,0.035,0.04,0.7650270409195902,0.44
55,false,0.035,0.04,0.7353005702101997,0.48
55,false,0.035,0.04,0.7423018443360793,0.42
55,false,0.035,0.04,0.747133242488678,0.43
55,false,0.035,0.04,0.7421850439332518,0.43
55,false,0.035,0.04,0.7724247339612939,0.45
55,false,0.035,0.04,0.7749211130327781,0.47
55,false,0.035,0.04,0.7613026299205085,0.38
55,false,0.035,0.04,0.7734644686803229,0.43
55,false,0.035,0.04,0.7767410773452609,0.37
55,false,0.035,0.04,0.7647326982756817,0.41
55,false,0.035,0.04,0.7833099055878854,0.4
55,false,0.035,0.04,0.7788367478105152,0.45
55,false,0.035,0.04,0.775372205383592,0.4
55,false,0.035,0.04,0.775460546133852,0.43
55,false,0.035,0.04,0.7616966557040409,0.34
55,false,0.035,0.04,0.7636809675824349,0.41
55,false,0.035,0.04,0.7688927106799102,0.44
55,false,0.04,0.02,0.6493990981530858,0.35
55,false,0.04,0.02,0.6438210779291031,0.37
55,false,0.04,0.02,0.6449533089303834,0.36
55,false,0.04,0.02,0.6714124696061478,0.32
55,false,0.04,0.02,0.6450082400543483,0.32
55,false,0.04,0.02,0.65325107398257,0.29
55,false,0.04,0.02,0.6369717381120696,0.35
55,false,0.04,0.02,0.6636421127269508,0.33
55,false,0.04,0.02,0.6432423897037682,0.39
55,false,0.04,0.02,0.6575081833027429,0.32
55,false,0.04,0.02,0.6283261653363321,0.37
55,false,0.04,0.02,0.6628745707141589,0.37
55,false,0.04,0.02,0.6722868829137993,0.37
55,false,0.04,0.02,0.6444775020277919,0.32
55,false,0.04,0.02,0.666203670123469,0.32
55,false,0.04,0.02,0.6576101170126869,0.41
55,false,0.04,0.02,0.6547376646431097,0.28
55,false,0.04,0.02,0.6618797832256114,0.29
55,false,0.04,0.02,0.6553930439455349,0.35
55,false,0.04,0.02,0.6434801689877215,0.36
55,false,0.04,0.03,0.7117474060446276,0.37
55,false,0.04,0.03,0.6926592337151475,0.39
55,false,0.04,0.03,0.7075567706918869,0.4
55,false,0.04,0.03,0.6935969228374601,0.36
55,false,0.04,0.03,0.7168793849602578,0.4
55,false,0.04,0.03,0.7187579126501222,0.34
55,false,0.04,0.03,0.6917720520791539,0.41
55,false,0.04,0.03,0.7119498821629311,0.36
55,false,0.04,0.03,0.721224896962156,0.4
55,false,0.04,0.03,0.7110742310517253,0.36
55,false,0.04,0.03,0.7298012534114311,0.4
55,false,0.04,0.03,0.7214264671211825,0.36
55,false,0.04,0.03,0.71198496095936,0.38
55,false,0.04,0.03,0.710965692184133,0.37
55,false,0.04,0.03,0.7171826407360691,0.4
55,false,0.04,0.03,0.7278247060635725,0.41
55,false,0.04,0.03,0.7125987972798508,0.38
55,false,0.04,0.03,0.7065422842776481,0.4
55,false,0.04,0.03,0.7121279234143878,0.43
55,false,0.04,0.03,0.6963968773862527,0.34
55,false,0.04,0.04,0.7717044052571793,0.43
55,false,0.04,0.04,0.7799185833541208,0.38
55,false,0.04,0.04,0.7683864358966888,0.42
55,false,0.04,0.04,0.7516395944418633,0.43
55,false,0.04,0.04,0.7561013188752799,0.41
55,false,0.04,0.04,0.770962261059499,0.39
55,false,0.04,0.04,0.7752738243359404,0.42
55,false,0.04,0.04,0.7682305021067968,0.42
55,false,0.04,0.04,0.7685377020279452,0.45
55,false,0.04,0.04,0.7599472206812489,0.41
55,false,0.04,0.04,0.7800180042179601,0.43
55,false,0.04,0.04,0.7729472769658924,0.42
55,false,0.04,0.04,0.7740724645838805,0.39
55,false,0.04,0.04,0.7696676540951366,0.42
55,false,0.04,0.04,0.7623684372503504,0.4
55,false,0.04,0.04,0.7340132764493376,0.44
55,false,0.04,0.04,0.7599653627857212,0.42
55,false,0.04,0.04,0.7791778619001106,0.4
55,false,0.04,0.04,0.7659819760947317,0.46
55,false,0.04,0.04,0.7375849580543609,0.42
60,true,0.025,0.02,0.6764361128892885,0.37
60,true,0.025,0.02,0.6620440964539653,0.4
60,true,0.025,0.02,0.6679254782518521,0.32
60,true,0.025,0.02,0.6643052179123452,0.35
60,true,0.025,0.02,0.6740556818381919,0.36
60,true,0.025,0.02,0.6792161949364102,0.31
60,true,0.025,0.02,0.6637259273112044,0.43
60,true,0.025,0.02,0.6729519234569055,0.42
60,true,0.025,0.02,0.6614508611512371,0.41
60,true,0.025,0.02,0.6830950715927461,0.41
60,true,0.025,0.02,0.6931859736318018,0.42
60,true,0.025,0.02,0.6737846663430301,0.31
60,true,0.025,0.02,0.6741675411341587,0.33
60,true,0.025,0.02,0.6720836166741124,0.35
60,true,0.025,0.02,0.6476467369684894,0.4
60,true,0.025,0.02,0.6736989296651658,0.36
60,true,0.025,0.02,0.6547450314266353,0.32
60,true,0.025,0.02,0.6749378723836257,0.39
60,true,0.025,0.02,0.6629216534067643,0.38
60,true,0.025,0.03,0.7207743075212868,0.39
60,true,0.025,0.02,0.6707691627477465,0.43
60,true,0.025,0.03,0.7129391521577649,0.39
60,true,0.025,0.03,0.6982211595812722,0.42
60,true,0.025,0.03,0.702567420427458,0.44
60,true,0.025,0.03,0.7282920597122667,0.39
60,true,0.025,0.03,0.7181881899285207,0.38
60,true,0.025,0.03,0.7211970306485509,0.37
60,true,0.025,0.03,0.7429937232707031,0.37
60,true,0.025,0.03,0.7060981675203621,0.38
60,true,0.025,0.03,0.700460945440481,0.4
60,true,0.025,0.03,0.7410135145746828,0.39
60,true,0.025,0.03,0.7123711587008025,0.38
60,true,0.025,0.03,0.6969386098631591,0.4
60,true,0.025,0.03,0.7241800748252202,0.39
60,true,0.025,0.03,0.7093398247808435,0.39
60,true,0.025,0.03,0.6907059274695396,0.42
60,true,0.025,0.03,0.7128775163760521,0.35
60,true,0.025,0.03,0.7313171197047774,0.33
60,true,0.025,0.03,0.7149213760550449,0.37
60,true,0.025,0.04,0.7634048494985958,0.4
60,true,0.025,0.03,0.7288035214556962,0.42
60,true,0.025,0.04,0.7797140817696067,0.47
60,true,0.025,0.04,0.7156768951620752,0.43
60,true,0.025,0.04,0.771794969938965,0.41
60,true,0.025,0.04,0.768840671900672,0.44
60,true,0.025,0.04,0.7933245079734645,0.48
60,true,0.025,0.04,0.7690293984762475,0.45
60,true,0.025,0.04,0.7683010092240149,0.37
60,true,0.025,0.04,0.7674573996173062,0.47
60,true,0.025,0.04,0.7709047711520803,0.4
60,true,0.025,0.04,0.7882825896914624,0.46
60,true,0.025,0.04,0.7821086834353149,0.47
60,true,0.025,0.04,0.7524437400081264,0.44
60,true,0.025,0.04,0.7821560763484081,0.49
60,true,0.025,0.04,0.7695338314434946,0.5
60,true,0.025,0.04,0.7349344470212946,0.45
60,true,0.025,0.04,0.7851598768999364,0.51
60,true,0.025,0.04,0.7780568922619823,0.43
60,true,0.025,0.04,0.7960889763987383,0.42
60,true,0.025,0.04,0.7925984818950734,0.46
60,true,0.03,0.02,0.6661841385495834,0.38
60,true,0.03,0.02,0.6980788836779471,0.41
60,true,0.03,0.02,0.6889127283134785,0.34
60,true,0.03,0.02,0.6832253223278361,0.37
60,true,0.03,0.02,0.6612668193817374,0.41
60,true,0.03,0.02,0.6834407386811807,0.34
60,true,0.03,0.02,0.6763213557874892,0.35
60,true,0.03,0.02,0.680493511775863,0.3
60,true,0.03,0.02,0.6696870823105153,0.42
60,true,0.03,0.02,0.6843702805552897,0.42
60,true,0.03,0.02,0.6631954132853981,0.29
60,true,0.03,0.02,0.681289782646811,0.35
60,true,0.03,0.02,0.6689246804333898,0.33
60,true,0.03,0.02,0.6557185447992926,0.3
60,true,0.03,0.02,0.6704445043210296,0.47
60,true,0.03,0.02,0.6567247865497182,0.36
60,true,0.03,0.02,0.6511681383087468,0.36
60,true,0.03,0.02,0.6542339178401124,0.35
60,true,0.03,0.02,0.6874823258899191,0.39
60,true,0.03,0.02,0.6730370976973674,0.41
60,true,0.03,0.03,0.7357155488503503,0.41
60,true,0.03,0.03,0.7251071627772028,0.47
60,true,0.03,0.03,0.7545743516553941,0.47
60,true,0.03,0.03,0.7104586848536162,0.42
60,true,0.03,0.03,0.7258419892909141,0.41
60,true,0.03,0.03,0.7045839466606111,0.39
60,true,0.03,0.03,0.7442007464739264,0.45
60,true,0.03,0.03,0.7405282948106658,0.44
60,true,0.03,0.03,0.7335398655668455,0.44
60,true,0.03,0.03,0.7207599577701462,0.37
60,true,0.03,0.03,0.7273531429347259,0.43
60,true,0.03,0.03,0.7442632267423552,0.42
60,true,0.03,0.03,0.7269797467634445,0.43
60,true,0.03,0.03,0.7372717751963274,0.44
60,true,0.03,0.03,0.7392866366401444,0.34
60,true,0.03,0.03,0.7346101215873475,0.43
60,true,0.03,0.03,0.7156872739747296,0.42
60,true,0.03,0.03,0.7452581259719057,0.42
60,true,0.03,0.03,0.7219378652915761,0.39
60,true,0.03,0.03,0.7289842337490339,0.42
60,true,0.03,0.04,0.8047596990191309,0.5
60,true,0.03,0.04,0.7749652869666929,0.48
60,true,0.03,0.04,0.7957059470473175,0.5
60,true,0.03,0.04,0.7776261513162581,0.51
60,true,0.03,0.04,0.7823705671315758,0.47
60,true,0.03,0.04,0.7474416296252072,0.47
60,true,0.03,0.04,0.7735948662296056,0.42
60,true,0.03,0.04,0.7828179539888507,0.46
60,true,0.03,0.04,0.7721156357996638,0.51
60,true,0.03,0.04,0.751887368554501,0.46
60,true,0.03,0.04,0.757187298627004,0.44
60,true,0.03,0.04,0.7890460375847088,0.52
60,true,0.03,0.04,0.7646110689779176,0.46
60,true,0.03,0.04,0.7647641714762784,0.45
60,true,0.03,0.04,0.7647959850728132,0.47
60,true,0.03,0.04,0.767681788620128,0.4
60,true,0.03,0.04,0.7865159232108547,0.5
60,true,0.03,0.04,0.7707030907685392,0.4
60,true,0.03,0.04,0.7553523347650191,0.5
60,true,0.03,0.04,0.7808981804343159,0.51
60,true,0.035,0.02,0.6755158967304878,0.39
60,true,0.035,0.02,0.6691880400063499,0.37
60,true,0.035,0.02,0.6705285134879345,0.44
60,true,0.035,0.02,0.6697203154290087,0.37
60,true,0.035,0.02,0.6771594078545808,0.41
60,true,0.035,0.02,0.693000425212796,0.37
60,true,0.035,0.02,0.6867492237187532,0.35
60,true,0.035,0.02,0.6871522076587214,0.37
60,true,0.035,0.02,0.6765502701543636,0.43
60,true,0.035,0.02,0.6638054818775824,0.42
60,true,0.035,0.02,0.6716835358698549,0.29
60,true,0.035,0.02,0.6758174816197835,0.39
60,true,0.035,0.02,0.6709088230968336,0.39
60,true,0.035,0.02,0.684698597311069,0.33
60,true,0.035,0.02,0.6619757247219381,0.39
60,true,0.035,0.02,0.6827856836240449,0.38
60,true,0.035,0.02,0.6685912178876802,0.41
60,true,0.035,0.02,0.6783420200044773,0.35
60,true,0.035,0.02,0.6828394270375483,0.37
60,true,0.035,0.02,0.6768422173565329,0.39
60,true,0.035,0.03,0.7273656996650131,0.42
60,true,0.035,0.03,0.7388286484477601,0.39
60,true,0.035,0.03,0.7211652463713135,0.4
60,true,0.035,0.03,0.7101475799756316,0.38
60,true,0.035,0.03,0.7608148941108515,0.42
60,true,0.035,0.03,0.7257245929129535,0.46
60,true,0.035,0.03,0.7378210627033625,0.39
60,true,0.035,0.03,0.7565441714018479,0.43
60,true,0.035,0.03,0.7353138162615772,0.45
60,true,0.035,0.03,0.7556396406545369,0.41
60,true,0.035,0.03,0.7129126502879296,0.43
60,true,0.035,0.03,0.7644522736405628,0.4
60,true,0.035,0.03,0.7191929278841193,0.39
60,true,0.035,0.03,0.733583284320471,0.41
60,true,0.035,0.03,0.7368563814913662,0.42
60,true,0.035,0.03,0.7604447079674,0.43
60,true,0.035,0.03,0.7298119280040579,0.43
60,true,0.035,0.03,0.7361756816003892,0.41
60,true,0.035,0.03,0.7119363130246587,0.44
60,true,0.035,0.03,0.7338178988536272,0.4
60,true,0.035,0.04,0.7804428984379018,0.46
60,true,0.035,0.04,0.7978253267050489,0.43
60,true,0.035,0.04,0.7815396695164893,0.51
60,true,0.035,0.04,0.7967019789019119,0.5
60,true,0.035,0.04,0.7831541901467811,0.51
60,true,0.035,0.04,0.8070147439346453,0.49
60,true,0.035,0.04,0.7923061691621557,0.5
60,true,0.035,0.04,0.8008996512549845,0.5
60,true,0.035,0.04,0.7801828462452773,0.43
60,true,0.035,0.04,0.7904227717985013,0.49
60,true,0.035,0.04,0.8084068563543664,0.45
60,true,0.035,0.04,0.7829983674242075,0.45
60,true,0.035,0.04,0.7819193492338086,0.5
60,true,0.035,0.04,0.7871087656073036,0.47
60,true,0.035,0.04,0.8209929245509442,0.52
60,true,0.035,0.04,0.7891357950823306,0.46
60,true,0.035,0.04,0.8050813483778642,0.52
60,true,0.035,0.04,0.7887965196986183,0.47
60,true,0.035,0.04,0.78430945283769,0.51
60,true,0.035,0.04,0.801160044101563,0.47
60,true,0.04,0.02,0.6654082405617707,0.31
60,true,0.04,0.02,0.7036779630587853,0.38
60,true,0.04,0.02,0.6687491436349963,0.39
60,true,0.04,0.02,0.6882605566364112,0.3
60,true,0.04,0.02,0.667152958022773,0.34
60,true,0.04,0.02,0.6741471842675767,0.38
60,true,0.04,0.02,0.6749444419527414,0.42
60,true,0.04,0.02,0.6879955668778333,0.41
60,true,0.04,0.02,0.6861858198738682,0.42
60,true,0.04,0.02,0.6977439586293538,0.33
60,true,0.04,0.02,0.6905959902380545,0.35
60,true,0.04,0.02,0.6881287937564307,0.41
60,true,0.04,0.02,0.6949751550661493,0.46
60,true,0.04,0.02,0.6865897959387713,0.39
60,true,0.04,0.02,0.6732917343759369,0.34
60,true,0.04,0.02,0.676676719465299,0.39
60,true,0.04,0.02,0.6735792089435557,0.42
60,true,0.04,0.02,0.6694860365541718,0.45
60,true,0.04,0.02,0.681710276121471,0.41
60,true,0.04,0.02,0.6780979912439704,0.41
60,true,0.04,0.03,0.7390035520547206,0.47
60,true,0.04,0.03,0.7423619730192743,0.46
60,true,0.04,0.03,0.7297363452783521,0.45
60,true,0.04,0.03,0.7379808257042254,0.44
60,true,0.04,0.03,0.7316336954453228,0.43
60,true,0.04,0.03,0.7417047202089073,0.43
60,true,0.04,0.03,0.7190570748016871,0.46
60,true,0.04,0.03,0.774358202872219,0.44
60,true,0.04,0.03,0.7148771656516837,0.44
60,true,0.04,0.03,0.7514024913192892,0.44
60,true,0.04,0.03,0.7492793506549029,0.48
60,true,0.04,0.03,0.7545185313335396,0.44
60,true,0.04,0.03,0.7397882550055003,0.45
60,true,0.04,0.03,0.7474747610889697,0.42
60,true,0.04,0.03,0.7523335808784549,0.47
60,true,0.04,0.03,0.7496641628188436,0.47
60,true,0.04,0.03,0.7395579857267853,0.43
60,true,0.04,0.03,0.7293367650689762,0.42
60,true,0.04,0.03,0.7315969375648218,0.46
60,true,0.04,0.03,0.758923013872476,0.51
60,true,0.04,0.04,0.7906416818595808,0.49
60,true,0.04,0.04,0.7955976929861965,0.52
60,true,0.04,0.04,0.7800003251385458,0.45
60,true,0.04,0.04,0.799834448872775,0.5
60,true,0.04,0.04,0.7955948070834005,0.53
60,true,0.04,0.04,0.7785804161351525,0.56
60,true,0.04,0.04,0.8038487986635647,0.52
60,true,0.04,0.04,0.7711969014476316,0.51
60,true,0.04,0.04,0.7885895230241969,0.51
60,true,0.04,0.04,0.7796277882240003,0.49
60,true,0.04,0.04,0.7867879099516489,0.55
60,true,0.04,0.04,0.8159560683685011,0.53
60,true,0.04,0.04,0.7996611655370441,0.48
60,true,0.04,0.04,0.8009981745218514,0.46
60,true,0.04,0.04,0.8005333940863951,0.46
60,true,0.04,0.04,0.7970726518455353,0.52
60,true,0.04,0.04,0.7675097871244959,0.48
60,true,0.04,0.04,0.7725432642140098,0.49
60,true,0.04,0.04,0.807036982606319,0.52
60,true,0.04,0.04,0.8128516323310666,0.54
60,false,0.025,0.02,0.6850897210408017,0.43
60,false,0.025,0.02,0.7008105674517158,0.44
60,false,0.025,0.02,0.691887573208202,0.38
60,false,0.025,0.02,0.702401379835139,0.4
60,false,0.025,0.02,0.7034838348412461,0.36
60,false,0.025,0.02,0.7040300130401401,0.45
60,false,0.025,0.02,0.6855154450351805,0.28
60,false,0.025,0.02,0.7038203504199049,0.4
60,false,0.025,0.02,0.6951411112792287,0.48
60,false,0.025,0.02,0.7084794152000333,0.33
60,false,0.025,0.02,0.677948083061645,0.39
60,false,0.025,0.02,0.6964376630881692,0.38
60,false,0.025,0.02,0.6928886812758449,0.36
60,false,0.025,0.02,0.6996743090110453,0.39
60,false,0.025,0.02,0.7066989274587825,0.36
60,false,0.025,0.02,0.6884026175359171,0.44
60,false,0.025,0.02,0.6857993268485716,0.39
60,false,0.025,0.02,0.6916418633681661,0.39
60,false,0.025,0.02,0.6824058460918375,0.42
60,false,0.025,0.02,0.714507458382181,0.41
60,false,0.025,0.03,0.7363760323741957,0.42
60,false,0.025,0.03,0.7645880623542449,0.43
60,false,0.025,0.03,0.7471467434859292,0.5
60,false,0.025,0.03,0.7620945532031445,0.46
60,false,0.025,0.03,0.7548424667624352,0.44
60,false,0.025,0.03,0.7544324587592292,0.4
60,false,0.025,0.03,0.7656437461414823,0.47
60,false,0.025,0.03,0.747290072381466,0.42
60,false,0.025,0.03,0.7591598452733358,0.38
60,false,0.025,0.03,0.7405413993500808,0.43
60,false,0.025,0.03,0.7772097504590306,0.44
60,false,0.025,0.03,0.7605617288325852,0.43
60,false,0.025,0.03,0.7619257572852882,0.48
60,false,0.025,0.03,0.7578755253456119,0.45
60,false,0.025,0.03,0.7708059427232367,0.46
60,false,0.025,0.03,0.7557471791233533,0.43
60,false,0.025,0.03,0.7378311618491976,0.45
60,false,0.025,0.03,0.7435172435762513,0.48
60,false,0.025,0.03,0.7555208336127847,0.36
60,false,0.025,0.03,0.7522548833082554,0.42
60,false,0.025,0.04,0.7823862416276702,0.51
60,false,0.025,0.04,0.802521106023263,0.54
60,false,0.025,0.04,0.7913358266905935,0.46
60,false,0.025,0.04,0.8037507529478612,0.46
60,false,0.025,0.04,0.7849503260734475,0.45
60,false,0.025,0.04,0.7822489337756449,0.49
60,false,0.025,0.04,0.8069328877312882,0.5
60,false,0.025,0.04,0.7907484845374385,0.47
60,false,0.025,0.04,0.7855955006577655,0.45
60,false,0.025,0.04,0.7836865039730497,0.5
60,false,0.025,0.04,0.7981673450173293,0.47
60,false,0.025,0.04,0.7970846199796925,0.53
60,false,0.025,0.04,0.8031700628038633,0.54
60,false,0.025,0.04,0.8038762110799655,0.51
60,false,0.025,0.04,0.808633259704195,0.49
60,false,0.025,0.04,0.8018129805283671,0.53
60,false,0.025,0.04,0.7716294004902013,0.49
60,false,0.025,0.04,0.7974154395288042,0.53
60,false,0.025,0.04,0.7894604701142491,0.51
60,false,0.025,0.04,0.791682155697913,0.54
60,false,0.03,0.02,0.6968497966944952,0.36
60,false,0.03,0.02,0.7015626080115196,0.41
60,false,0.03,0.02,0.6890956708220246,0.32
60,false,0.03,0.02,0.6962585831527345,0.37
60,false,0.03,0.02,0.68897872784731,0.35
60,false,0.03,0.02,0.6940108769414454,0.37
60,false,0.03,0.02,0.6948911568913363,0.47
60,false,0.03,0.02,0.687531549540831,0.41
60,false,0.03,0.02,0.7059950941394567,0.36
60,false,0.03,0.02,0.6889312068822935,0.4
60,false,0.03,0.02,0.6856352064782303,0.43
60,false,0.03,0.02,0.7076123273614086,0.44
60,false,0.03,0.02,0.6930992140378456,0.39
60,false,0.03,0.02,0.6897285314979312,0.34
60,false,0.03,0.02,0.676965040285576,0.41
60,false,0.03,0.02,0.7162669367808502,0.39
60,false,0.03,0.02,0.6930536749062263,0.4
60,false,0.03,0.02,0.6947259892708556,0.29
60,false,0.03,0.02,0.6791561642805145,0.37
60,false,0.03,0.02,0.6764292550531167,0.33
60,false,0.03,0.03,0.7510531831745852,0.47
60,false,0.03,0.03,0.7497769079051043,0.41
60,false,0.03,0.03,0.7557646536029113,0.48
60,false,0.03,0.03,0.7565063867352595,0.45
60,false,0.03,0.03,0.7472866591131182,0.45
60,false,0.03,0.03,0.7197111262155939,0.41
60,false,0.03,0.03,0.7416750032747825,0.47
60,false,0.03,0.03,0.7543753939953365,0.46
60,false,0.03,0.03,0.7619054047370665,0.47
60,false,0.03,0.03,0.7668658302273232,0.5
60,false,0.03,0.03,0.7527365762175299,0.41
60,false,0.03,0.03,0.7382487533718763,0.45
60,false,0.03,0.03,0.7524565480354309,0.44
60,false,0.03,0.03,0.7230871843415305,0.43
60,false,0.03,0.03,0.7582131105600548,0.43
60,false,0.03,0.03,0.7373926930448902,0.4
60,false,0.03,0.03,0.7582476417070945,0.45
60,false,0.03,0.03,0.7478700681402678,0.45
60,false,0.03,0.03,0.7542112036667562,0.48
60,false,0.03,0.03,0.7466523315302881,0.51
60,false,0.03,0.04,0.8089682123964107,0.47
60,false,0.03,0.04,0.8025154099290885,0.53
60,false,0.03,0.04,0.8013605028254902,0.49
60,false,0.03,0.04,0.8045269743128649,0.48
60,false,0.03,0.04,0.7965044568415017,0.47
60,false,0.03,0.04,0.8049421877626304,0.49
60,false,0.03,0.04,0.7971153778518729,0.45
60,false,0.03,0.04,0.8069784485661705,0.43
60,false,0.03,0.04,0.7851074754266324,0.51
60,false,0.03,0.04,0.8246867828068035,0.58
60,false,0.03,0.04,0.7972966344675559,0.5
60,false,0.03,0.04,0.8062295871902785,0.53
60,false,0.03,0.04,0.7950278844645341,0.5
60,false,0.03,0.04,0.8066562639972592,0.48
60,false,0.03,0.04,0.8235792959655214,0.58
60,false,0.03,0.04,0.7913659436647407,0.52
60,false,0.03,0.04,0.7935080689823963,0.49
60,false,0.03,0.04,0.7993887316107748,0.53
60,false,0.03,0.04,0.806601128635659,0.51
60,false,0.035,0.02,0.7085194202916573,0.38
60,false,0.03,0.04,0.7963737186293797,0.44
60,false,0.035,0.02,0.6891972911959635,0.42
60,false,0.035,0.02,0.6829181897600853,0.39
60,false,0.035,0.02,0.6925863901817683,0.41
60,false,0.035,0.02,0.6986924050815295,0.37
60,false,0.035,0.02,0.6908063297728991,0.38
60,false,0.035,0.02,0.6930164274665168,0.4
60,false,0.035,0.02,0.6851606417218139,0.45
60,false,0.035,0.02,0.7075110651678552,0.4
60,false,0.035,0.02,0.7091441667260852,0.38
60,false,0.035,0.02,0.700923232166172,0.39
60,false,0.035,0.02,0.6851015956613157,0.38
60,false,0.035,0.02,0.6992824395497808,0.48
60,false,0.035,0.02,0.6911302722329152,0.43
60,false,0.035,0.02,0.6985887223655418,0.37
60,false,0.035,0.02,0.6959227109703322,0.41
60,false,0.035,0.02,0.690950165967635,0.4
60,false,0.035,0.02,0.6994517293850511,0.36
60,false,0.035,0.02,0.7008706065279553,0.44
60,false,0.035,0.02,0.6832918405203483,0.37
60,false,0.035,0.03,0.7387396318428684,0.46
60,false,0.035,0.03,0.7555816908568984,0.5
60,false,0.035,0.03,0.7542299248893322,0.45
60,false,0.035,0.03,0.7612235914433967,0.41
60,false,0.035,0.03,0.7493748276127101,0.44
60,false,0.035,0.03,0.7571741612427247,0.47
60,false,0.035,0.03,0.7345487375989915,0.43
60,false,0.035,0.03,0.7507585599595754,0.46
60,false,0.035,0.03,0.7399339100715627,0.42
60,false,0.035,0.03,0.7608985095366125,0.48
60,false,0.035,0.03,0.7605425294737143,0.38
60,false,0.035,0.03,0.7449174989919796,0.41
60,false,0.035,0.03,0.7583277509781372,0.44
60,false,0.035,0.03,0.7255158183061542,0.41
60,false,0.035,0.03,0.745708290370809,0.39
60,false,0.035,0.03,0.7371175491236376,0.41
60,false,0.035,0.03,0.7561737196485327,0.45
60,false,0.035,0.03,0.7550589467459626,0.47
60,false,0.035,0.03,0.7616102887635237,0.4
60,false,0.035,0.03,0.7494851172740927,0.41
60,false,0.035,0.04,0.7969158954685175,0.54
60,false,0.035,0.04,0.802865194574283,0.51
60,false,0.035,0.04,0.8073269812738925,0.48
60,false,0.035,0.04,0.7973360665566294,0.51
60,false,0.035,0.04,0.7821192831510588,0.53
60,false,0.035,0.04,0.7985099716585096,0.5
60,false,0.035,0.04,0.8177733111891691,0.55
60,false,0.035,0.04,0.7943209748683218,0.49
60,false,0.035,0.04,0.8057530500303142,0.49
60,false,0.035,0.04,0.7987723308461219,0.55
60,false,0.035,0.04,0.7937801472801662,0.5
60,false,0.035,0.04,0.790321540441191,0.51
60,false,0.035,0.04,0.7817235635395879,0.49
60,false,0.035,0.04,0.7912746922285013,0.55
60,false,0.035,0.04,0.7980104752349102,0.43
60,false,0.035,0.04,0.7928053148621068,0.52
60,false,0.035,0.04,0.8071320617967591,0.53
60,false,0.035,0.04,0.7926984260259198,0.48
60,false,0.035,0.04,0.8158444303119856,0.53
60,false,0.035,0.04,0.8037204028340104,0.49
60,false,0.04,0.02,0.7011925109867809,0.4
60,false,0.04,0.02,0.7086397002960351,0.37
60,false,0.04,0.02,0.6987965715485531,0.44
60,false,0.04,0.02,0.6875296754466633,0.4
60,false,0.04,0.02,0.7050396930404932,0.37
60,false,0.04,0.02,0.6928262318552192,0.38
60,false,0.04,0.02,0.7086309066310367,0.44
60,false,0.04,0.02,0.6899875820040144,0.35
60,false,0.04,0.02,0.6904722680806767,0.38
60,false,0.04,0.02,0.708966499587411,0.36
60,false,0.04,0.02,0.6955596531865083,0.36
60,false,0.04,0.02,0.7105543501554438,0.46
60,false,0.04,0.02,0.7131597411504874,0.45
60,false,0.04,0.02,0.6907530171962365,0.37
60,false,0.04,0.02,0.7018441284767729,0.33
60,false,0.04,0.02,0.7010100470837974,0.36
60,false,0.04,0.02,0.6904971519034174,0.39
60,false,0.04,0.02,0.6929597279342521,0.43
60,false,0.04,0.02,0.6895258271343547,0.36
60,false,0.04,0.02,0.6936586792978346,0.41
60,false,0.04,0.03,0.7447658423758529,0.44
60,false,0.04,0.03,0.7486298146886764,0.39
60,false,0.04,0.03,0.7604769141333051,0.43
60,false,0.04,0.03,0.753061177301475,0.47
60,false,0.04,0.03,0.7376516831931919,0.44
60,false,0.04,0.03,0.75988504672718,0.46
60,false,0.04,0.03,0.7449738044908379,0.41
60,false,0.04,0.03,0.75383861674304,0.49
60,false,0.04,0.03,0.7553468651597693,0.38
60,false,0.04,0.03,0.7636690441343726,0.44
60,false,0.04,0.03,0.7583831049825082,0.42
60,false,0.04,0.03,0.7572416618902181,0.48
60,false,0.04,0.03,0.7547232633682468,0.46
60,false,0.04,0.03,0.740208707205145,0.44
60,false,0.04,0.03,0.7651228006778291,0.41
60,false,0.04,0.03,0.7525263499279362,0.35
60,false,0.04,0.03,0.7606761440838876,0.52
60,false,0.04,0.03,0.7488411404587132,0.43
60,false,0.04,0.03,0.7391070744362969,0.45
60,false,0.04,0.03,0.7455540728935126,0.49
60,false,0.04,0.04,0.7991053652845993,0.47
60,false,0.04,0.04,0.7885743835563894,0.44
60,false,0.04,0.04,0.8061887017279645,0.46
60,false,0.04,0.04,0.8207603567493256,0.57
60,false,0.04,0.04,0.8167018217140439,0.52
60,false,0.04,0.04,0.7975412154619623,0.49
60,false,0.04,0.04,0.8132002056451815,0.52
60,false,0.04,0.04,0.8197291470620662,0.54
60,false,0.04,0.04,0.8115561577181293,0.53
60,false,0.04,0.04,0.7976997585875003,0.49
60,false,0.04,0.04,0.7921764070373546,0.47
60,false,0.04,0.04,0.785207859643069,0.46
60,false,0.04,0.04,0.8063461819208186,0.54
60,false,0.04,0.04,0.800602979113721,0.51
60,false,0.04,0.04,0.7775788034887617,0.46
60,false,0.04,0.04,0.8108450964204689,0.54
60,false,0.04,0.04,0.7870213293801334,0.49
60,false,0.04,0.04,0.8123550754357347,0.42
60,false,0.04,0.04,0.8228726937400821,0.52
60,false,0.04,0.04,0.7949283833423876,0.43
65,true,0.025,0.02,0.7172506611220356,0.41
65,true,0.025,0.02,0.7146313617378217,0.36
65,true,0.025,0.02,0.7221027318961717,0.47
65,true,0.025,0.02,0.7025778285243613,0.38
65,true,0.025,0.02,0.7010683110699949,0.43
65,true,0.025,0.02,0.7182727721367587,0.43
65,true,0.025,0.02,0.724165535095734,0.48
65,true,0.025,0.02,0.7197467975416524,0.46
65,true,0.025,0.02,0.6873820319416956,0.35
65,true,0.025,0.02,0.7156405207946602,0.43
65,true,0.025,0.02,0.7261566768406772,0.43
65,true,0.025,0.02,0.7209254232147583,0.42
65,true,0.025,0.02,0.7142482226123279,0.38
65,true,0.025,0.02,0.709589623903725,0.46
65,true,0.025,0.02,0.7104301623821937,0.45
65,true,0.025,0.02,0.705084199588906,0.43
65,true,0.025,0.02,0.7180609661237567,0.42
65,true,0.025,0.02,0.7161779660300944,0.41
65,true,0.025,0.02,0.711734746615628,0.47
65,true,0.025,0.02,0.7056336234758007,0.38
65,true,0.025,0.03,0.7569230974215578,0.46
65,true,0.025,0.03,0.7707237490428476,0.45
65,true,0.025,0.03,0.7617904101559678,0.47
65,true,0.025,0.03,0.7830340028528705,0.45
65,true,0.025,0.03,0.7772494340128279,0.47
65,true,0.025,0.03,0.7888809326360467,0.56
65,true,0.025,0.03,0.7598753896236349,0.46
65,true,0.025,0.03,0.7477067968513574,0.44
65,true,0.025,0.03,0.7817569396920132,0.44
65,true,0.025,0.03,0.7491264908467312,0.47
65,true,0.025,0.03,0.7592367470552377,0.52
65,true,0.025,0.03,0.7443356247964017,0.45
65,true,0.025,0.03,0.759111743045839,0.51
65,true,0.025,0.03,0.742862143743644,0.47
65,true,0.025,0.03,0.7675426372677792,0.44
65,true,0.025,0.03,0.7666019297139907,0.48
65,true,0.025,0.03,0.7668399426722274,0.45
65,true,0.025,0.03,0.7647891199359675,0.45
65,true,0.025,0.03,0.784113886029716,0.5
65,true,0.025,0.03,0.7624748361508509,0.4
65,true,0.025,0.04,0.7977152963889569,0.56
65,true,0.025,0.04,0.8011177078233963,0.48
65,true,0.025,0.04,0.8235563129065392,0.46
65,true,0.025,0.04,0.8172455940598059,0.5
65,true,0.025,0.04,0.8194228154362609,0.5
65,true,0.025,0.04,0.8036111638401116,0.56
65,true,0.025,0.04,0.7946350862211365,0.48
65,true,0.025,0.04,0.8113398935008533,0.49
65,true,0.025,0.04,0.8206415581854355,0.5
65,true,0.025,0.04,0.8150732705860766,0.52
65,true,0.025,0.04,0.8194440596325875,0.52
65,true,0.025,0.04,0.8146428156164839,0.51
65,true,0.025,0.04,0.8254078528094314,0.53
65,true,0.025,0.04,0.8263702510431069,0.47
65,true,0.025,0.04,0.8017276728892304,0.5
65,true,0.025,0.04,0.7842222417258788,0.52
65,true,0.025,0.04,0.789778095920564,0.58
65,true,0.025,0.04,0.815995716378384,0.56
65,true,0.025,0.04,0.8138039087551745,0.52
65,true,0.025,0.04,0.8304332549250821,0.6
65,true,0.03,0.02,0.720526755751397,0.46
65,true,0.03,0.02,0.7186797064345194,0.43
65,true,0.03,0.02,0.7239035834393323,0.43
65,true,0.03,0.02,0.7295357849482694,0.45
65,true,0.03,0.02,0.7168287801940469,0.41
65,true,0.03,0.02,0.7206963757023945,0.48
65,true,0.03,0.02,0.7249559491258981,0.46
65,true,0.03,0.02,0.7218296954131291,0.43
65,true,0.03,0.02,0.7167298634497665,0.41
65,true,0.03,0.02,0.7262179250520008,0.46
65,true,0.03,0.02,0.7169472424298516,0.43
65,true,0.03,0.02,0.7214867956461412,0.43
65,true,0.03,0.02,0.7154543850719343,0.47
65,true,0.03,0.02,0.7266065215798096,0.45
65,true,0.03,0.02,0.7076446407989408,0.45
65,true,0.03,0.02,0.710485976879586,0.42
65,true,0.03,0.02,0.7225794614460574,0.45
65,true,0.03,0.02,0.7112085256771554,0.4
65,true,0.03,0.02,0.7112919402992353,0.42
65,true,0.03,0.02,0.7243395530555911,0.42
65,true,0.03,0.03,0.749273159072444,0.46
65,true,0.03,0.03,0.7567451971110676,0.45
65,true,0.03,0.03,0.7629043276935509,0.51
65,true,0.03,0.03,0.7713033523909297,0.42
65,true,0.03,0.03,0.7480046373501338,0.44
65,true,0.03,0.03,0.7482913951680646,0.42
65,true,0.03,0.03,0.7748369870722126,0.45
65,true,0.03,0.03,0.7610697711382247,0.49
65,true,0.03,0.03,0.7600347778414377,0.45
65,true,0.03,0.03,0.7674796327196012,0.45
65,true,0.03,0.03,0.7577874550122112,0.5
65,true,0.03,0.03,0.7722600798953895,0.47
65,true,0.03,0.03,0.779746528721391,0.5
65,true,0.03,0.03,0.7689983142884823,0.49
65,true,0.03,0.03,0.7880306445805147,0.52
65,true,0.03,0.03,0.7674349121830544,0.45
65,true,0.03,0.03,0.7692625225962196,0.47
65,true,0.03,0.03,0.7735907139688188,0.5
65,true,0.03,0.03,0.7854522903803576,0.51
65,true,0.03,0.03,0.7503765661947489,0.54
65,true,0.03,0.04,0.8230437924536605,0.55
65,true,0.03,0.04,0.8296761183094875,0.53
65,true,0.03,0.04,0.8123299928467255,0.52
65,true,0.03,0.04,0.8286520393315651,0.5
65,true,0.03,0.04,0.8252947986699565,0.57
65,true,0.03,0.04,0.8238417671714582,0.55
65,true,0.03,0.04,0.8238792982918745,0.55
65,true,0.03,0.04,0.7993115951851328,0.5
65,true,0.03,0.04,0.802185850964416,0.53
65,true,0.03,0.04,0.806015684335515,0.56
65,true,0.03,0.04,0.8417808485231169,0.56
65,true,0.03,0.04,0.8309612655690196,0.58
65,true,0.03,0.04,0.8225878252264021,0.53
65,true,0.03,0.04,0.8182864413563142,0.54
65,true,0.03,0.04,0.8063331035823295,0.53
65,true,0.03,0.04,0.8085488368251866,0.54
65,true,0.03,0.04,0.809391264066507,0.54
65,true,0.03,0.04,0.8162032437260736,0.5
65,true,0.03,0.04,0.8213202539883983,0.52
65,true,0.03,0.04,0.8105323657147858,0.54
65,true,0.035,0.02,0.7408074462148757,0.41
65,true,0.035,0.02,0.7393636681307659,0.41
65,true,0.035,0.02,0.7179111428976398,0.45
65,true,0.035,0.02,0.726958022635024,0.42
65,true,0.035,0.02,0.7242615521376088,0.41
65,true,0.035,0.02,0.7114265838597394,0.42
65,true,0.035,0.02,0.7215564278079252,0.44
65,true,0.035,0.02,0.7219567772911846,0.41
65,true,0.035,0.02,0.7200980181474916,0.38
65,true,0.035,0.02,0.7155620852217293,0.46
65,true,0.035,0.02,0.7162649512153624,0.41
65,true,0.035,0.02,0.7068374539274066,0.46
65,true,0.035,0.02,0.7238772334830285,0.47
65,true,0.035,0.02,0.7083908234031214,0.5
65,true,0.035,0.02,0.7282549056688715,0.45
65,true,0.035,0.02,0.7268081026672019,0.41
65,true,0.035,0.02,0.7043808144765125,0.47
65,true,0.035,0.02,0.7127192670228036,0.4
65,true,0.035,0.02,0.7217346720833969,0.47
65,true,0.035,0.02,0.7134547823683509,0.43
65,true,0.035,0.03,0.777634101873169,0.46
65,true,0.035,0.03,0.7761440432631997,0.48
65,true,0.035,0.03,0.7795118783643147,0.5
65,true,0.035,0.03,0.7550269173651146,0.48
65,true,0.035,0.03,0.7621509144174987,0.44
65,true,0.035,0.03,0.7763623081866099,0.49
65,true,0.035,0.03,0.7842647546067657,0.56
65,true,0.035,0.03,0.7677089989982129,0.52
65,true,0.035,0.03,0.7819185104912634,0.45
65,true,0.035,0.03,0.7708587446340579,0.48
65,true,0.035,0.03,0.755314748040273,0.51
65,true,0.035,0.03,0.7708554140888795,0.48
65,true,0.035,0.03,0.7771411368258845,0.51
65,true,0.035,0.03,0.7700053807914631,0.51
65,true,0.035,0.03,0.758922056311189,0.46
65,true,0.035,0.03,0.7793502908519763,0.45
65,true,0.035,0.03,0.7805331798951969,0.53
65,true,0.035,0.03,0.773530906650938,0.48
65,true,0.035,0.03,0.7755482159993039,0.53
65,true,0.035,0.03,0.7948535955835614,0.55
65,true,0.035,0.04,0.8181457685370607,0.57
65,true,0.035,0.04,0.8046185537157388,0.54
65,true,0.035,0.04,0.8250859140213285,0.53
65,true,0.035,0.04,0.8335236735550581,0.62
65,true,0.035,0.04,0.8128666890306074,0.55
65,true,0.035,0.04,0.8253549291628619,0.59
65,true,0.035,0.04,0.8215194969623378,0.64
65,true,0.035,0.04,0.8270527191917151,0.62
65,true,0.035,0.04,0.8178534695314077,0.52
65,true,0.035,0.04,0.8166802977020252,0.57
65,true,0.035,0.04,0.8000266575028973,0.59
65,true,0.035,0.04,0.8323502836416559,0.59
65,true,0.035,0.04,0.8308090637792873,0.55
65,true,0.035,0.04,0.823645255419074,0.53
65,true,0.035,0.04,0.803908798471079,0.56
65,true,0.035,0.04,0.8119611943976298,0.57
65,true,0.035,0.04,0.826950366994841,0.54
65,true,0.035,0.04,0.8329417371372057,0.55
65,true,0.035,0.04,0.816479703828754,0.58
65,true,0.035,0.04,0.8160061756445656,0.56
65,true,0.04,0.02,0.7317820255747199,0.46
65,true,0.04,0.02,0.7324161793793893,0.45
65,true,0.04,0.02,0.7156182788607747,0.41
65,true,0.04,0.02,0.7280492728878074,0.47
65,true,0.04,0.02,0.726261628534648,0.44
65,true,0.04,0.02,0.7362135618274518,0.52
65,true,0.04,0.02,0.7335620626319218,0.44
65,true,0.04,0.02,0.7234307499041748,0.42
65,true,0.04,0.02,0.7346800375468509,0.43
65,true,0.04,0.02,0.7319582202753695,0.4
65,true,0.04,0.02,0.7189151425950746,0.47
65,true,0.04,0.02,0.7300291080996821,0.46
65,true,0.04,0.02,0.7333851889897198,0.46
65,true,0.04,0.02,0.7275343968115098,0.46
65,true,0.04,0.02,0.7167550277575458,0.37
65,true,0.04,0.02,0.7439166665886239,0.48
65,true,0.04,0.02,0.7395115871467324,0.4
65,true,0.04,0.02,0.7314273489720232,0.43
65,true,0.04,0.02,0.7282402831879621,0.43
65,true,0.04,0.02,0.7177960981127426,0.47
65,true,0.04,0.03,0.7668768914478129,0.51
65,true,0.04,0.03,0.7802997256003811,0.45
65,true,0.04,0.03,0.7932491231521756,0.53
65,true,0.04,0.03,0.7769318752462308,0.47
65,true,0.04,0.03,0.7776972267326593,0.51
65,true,0.04,0.03,0.7644266919573677,0.48
65,true,0.04,0.03,0.7833818945373348,0.49
65,true,0.04,0.03,0.7870918381964103,0.5
65,true,0.04,0.03,0.7796131287304232,0.54
65,true,0.04,0.03,0.7993056395037388,0.56
65,true,0.04,0.03,0.7980195223466999,0.52
65,true,0.04,0.03,0.7739022846519457,0.49
65,true,0.04,0.03,0.7618008835270882,0.49
65,true,0.04,0.03,0.7617196045804389,0.51
65,true,0.04,0.03,0.7620227709271542,0.49
65,true,0.04,0.03,0.7856265195914871,0.51
65,true,0.04,0.03,0.7818606028774129,0.5
65,true,0.04,0.03,0.7832084536674087,0.46
65,true,0.04,0.03,0.7711235221058679,0.48
65,true,0.04,0.03,0.7756676011062471,0.5
65,true,0.04,0.04,0.8240150250537238,0.52
65,true,0.04,0.04,0.8117910084201165,0.63
65,true,0.04,0.04,0.8153219033291583,0.61
65,true,0.04,0.04,0.7967971125982225,0.54
65,true,0.04,0.04,0.8153943697098388,0.56
65,true,0.04,0.04,0.8266115118532418,0.56
65,true,0.04,0.04,0.8218807724309375,0.59
65,true,0.04,0.04,0.8360215021408108,0.58
65,true,0.04,0.04,0.8259567128664949,0.56
65,true,0.04,0.04,0.8111340143770873,0.58
65,true,0.04,0.04,0.799247267163383,0.59
65,true,0.04,0.04,0.814721186825148,0.57
65,true,0.04,0.04,0.8012985780602365,0.51
65,true,0.04,0.04,0.8140164117102008,0.6
65,true,0.04,0.04,0.8173697472410262,0.61
65,true,0.04,0.04,0.8390465524361221,0.55
65,true,0.04,0.04,0.8237952221968285,0.54
65,true,0.04,0.04,0.811904997018848,0.56
65,true,0.04,0.04,0.8341644461601376,0.56
65,true,0.04,0.04,0.8168655174018187,0.59
65,false,0.025,0.02,0.7465509409367315,0.45
65,false,0.025,0.02,0.7382431795137981,0.45
65,false,0.025,0.02,0.7395002868792101,0.41
65,false,0.025,0.02,0.7457408386690471,0.47
65,false,0.025,0.02,0.733396335073421,0.42
65,false,0.025,0.02,0.7218364619516745,0.49
65,false,0.025,0.02,0.7369849863771514,0.46
65,false,0.025,0.02,0.7432313822936308,0.44
65,false,0.025,0.02,0.7436634565332321,0.48
65,false,0.025,0.02,0.7357037680716249,0.48
65,false,0.025,0.02,0.7263253713456961,0.42
65,false,0.025,0.02,0.7513295836086765,0.42
65,false,0.025,0.02,0.7360449709520587,0.43
65,false,0.025,0.02,0.7307121603652966,0.43
65,false,0.025,0.02,0.7466289717720734,0.47
65,false,0.025,0.02,0.7471402250919197,0.48
65,false,0.025,0.02,0.7325830089133405,0.45
65,false,0.025,0.02,0.7409997030340869,0.43
65,false,0.025,0.02,0.7310787470530135,0.42
65,false,0.025,0.02,0.7340491162945538,0.43
65,false,0.025,0.03,0.7960638426555314,0.51
65,false,0.025,0.03,0.7785130264319473,0.47
65,false,0.025,0.03,0.769124808726758,0.51
65,false,0.025,0.03,0.7939785012589217,0.57
65,false,0.025,0.03,0.7882727954177123,0.55
65,false,0.025,0.03,0.7849042001891985,0.48
65,false,0.025,0.03,0.7835590353807589,0.5
65,false,0.025,0.03,0.7883970509855929,0.53
65,false,0.025,0.03,0.7827543519061466,0.52
65,false,0.025,0.03,0.7834896013861383,0.51
65,false,0.025,0.03,0.7856615705619374,0.53
65,false,0.025,0.03,0.7980508699887081,0.52
65,false,0.025,0.03,0.7885083048394467,0.5
65,false,0.025,0.03,0.8009074730293839,0.48
65,false,0.025,0.03,0.7880342953427077,0.49
65,false,0.025,0.03,0.7900532047998527,0.47
65,false,0.025,0.03,0.7884040703532602,0.47
65,false,0.025,0.03,0.7974826483081532,0.51
65,false,0.025,0.03,0.7928457402361465,0.51
65,false,0.025,0.03,0.7918785101792745,0.5
65,false,0.025,0.04,0.8244481343780282,0.61
65,false,0.025,0.04,0.8480381621900916,0.58
65,false,0.025,0.04,0.8343540177961968,0.57
65,false,0.025,0.04,0.8249082181808557,0.54
65,false,0.025,0.04,0.8429203379158807,0.56
65,false,0.025,0.04,0.8288341416577875,0.53
65,false,0.025,0.04,0.8304071726112261,0.61
65,false,0.025,0.04,0.8220541022664237,0.61
65,false,0.025,0.04,0.8276339203835137,0.57
65,false,0.025,0.04,0.824871691351532,0.55
65,false,0.025,0.04,0.8428858670978289,0.58
65,false,0.025,0.04,0.8126767354494399,0.52
65,false,0.025,0.04,0.8317488451983754,0.56
65,false,0.025,0.04,0.8302900462351116,0.54
65,false,0.025,0.04,0.8355279073574516,0.54
65,false,0.025,0.04,0.8203344656605832,0.56
65,false,0.025,0.04,0.8376708082886171,0.59
65,false,0.025,0.04,0.8255121428806325,0.55
65,false,0.025,0.04,0.8132261035934772,0.59
65,false,0.025,0.04,0.8273794329014925,0.54
65,false,0.03,0.02,0.7391250493893629,0.51
65,false,0.03,0.02,0.7339652652005639,0.43
65,false,0.03,0.02,0.7382558873305516,0.49
65,false,0.03,0.02,0.7256902043260439,0.47
65,false,0.03,0.02,0.7469656785806948,0.47
65,false,0.03,0.02,0.7303320765950955,0.4
65,false,0.03,0.02,0.7309009698285414,0.41
65,false,0.03,0.02,0.7302293565938647,0.46
65,false,0.03,0.02,0.7336393872220853,0.41
65,false,0.03,0.02,0.7417726678853512,0.49
65,false,0.03,0.02,0.734498066924455,0.36
65,false,0.03,0.02,0.7534800163416763,0.43
65,false,0.03,0.02,0.7449347327041153,0.48
65,false,0.03,0.02,0.7295223346622195,0.47
65,false,0.03,0.02,0.7459324354527618,0.38
65,false,0.03,0.02,0.7451113013529863,0.43
65,false,0.03,0.02,0.7284732709459493,0.41
65,false,0.03,0.02,0.7302447927442764,0.44
65,false,0.03,0.03,0.781673772959746,0.57
65,false,0.03,0.02,0.7285493033684454,0.39
65,false,0.03,0.02,0.7345157161420589,0.43
65,false,0.03,0.03,0.8005714678633704,0.51
65,false,0.03,0.03,0.7796532446712743,0.5
65,false,0.03,0.03,0.7718484164742797,0.55
65,false,0.03,0.03,0.7729935657536047,0.49
65,false,0.03,0.03,0.7690423415418518,0.51
65,false,0.03,0.03,0.8012269389275406,0.53
65,false,0.03,0.03,0.766916378708128,0.52
65,false,0.03,0.03,0.7823430460407096,0.48
65,false,0.03,0.03,0.7817130865292877,0.54
65,false,0.03,0.03,0.79456665367181,0.5
65,false,0.03,0.03,0.7877541781160938,0.48
65,false,0.03,0.03,0.7814304956046136,0.48
65,false,0.03,0.03,0.7831689848126596,0.51
65,false,0.03,0.03,0.7773059510166267,0.53
65,false,0.03,0.03,0.7925758521238582,0.54
65,false,0.03,0.03,0.7743006509044902,0.48
65,false,0.03,0.03,0.7973775205860979,0.5
65,false,0.03,0.03,0.7713506908098995,0.49
65,false,0.03,0.03,0.779537649711114,0.49
65,false,0.03,0.04,0.8359485812543671,0.59
65,false,0.03,0.04,0.8432305913082166,0.59
65,false,0.03,0.04,0.8347442315956728,0.57
65,false,0.03,0.04,0.8064413000452013,0.58
65,false,0.03,0.04,0.8313780381068641,0.6
65,false,0.03,0.04,0.8338702206328077,0.6
65,false,0.03,0.04,0.8458356064622494,0.47
65,false,0.03,0.04,0.8260698190613767,0.56
65,false,0.03,0.04,0.8441204907714719,0.59
65,false,0.03,0.04,0.8351932080461114,0.55
65,false,0.03,0.04,0.8326465444560855,0.53
65,false,0.03,0.04,0.8272106563913227,0.56
65,false,0.03,0.04,0.8185466368533212,0.5
65,false,0.03,0.04,0.8360267940223346,0.54
65,false,0.03,0.04,0.8355943850888097,0.59
65,false,0.03,0.04,0.8403778312005185,0.6
65,false,0.03,0.04,0.8055324624132623,0.56
65,false,0.03,0.04,0.8358744788416148,0.58
65,false,0.03,0.04,0.8432363570748577,0.63
65,false,0.03,0.04,0.8086447004129963,0.54
65,false,0.035,0.02,0.7324435763809656,0.53
65,false,0.035,0.02,0.7396604231105829,0.45
65,false,0.035,0.02,0.7348376597294058,0.47
65,false,0.035,0.02,0.7406253615251173,0.4
65,false,0.035,0.02,0.7387984944411348,0.49
65,false,0.035,0.02,0.7288364173082803,0.48
65,false,0.035,0.02,0.7304925616730196,0.46
65,false,0.035,0.02,0.722258084289743,0.45
65,false,0.035,0.02,0.7434159786254614,0.45
65,false,0.035,0.02,0.7324054046398711,0.48
65,false,0.035,0.02,0.7514596327398902,0.45
65,false,0.035,0.02,0.7350470788843091,0.44
65,false,0.035,0.02,0.7391958899328567,0.4
65,false,0.035,0.02,0.7368152600356693,0.47
65,false,0.035,0.02,0.7437678523927472,0.44
65,false,0.035,0.02,0.7364838981111557,0.45
65,false,0.035,0.02,0.7468384305864925,0.38
65,false,0.035,0.02,0.7468130944097929,0.4
65,false,0.035,0.02,0.7200640061989726,0.41
65,false,0.035,0.02,0.7316983582215544,0.49
65,false,0.035,0.03,0.7803137978659084,0.55
65,false,0.035,0.03,0.8000148097038425,0.54
65,false,0.035,0.03,0.7893202014753159,0.48
65,false,0.035,0.03,0.7847339506978765,0.53
65,false,0.035,0.03,0.7995985194416366,0.49
65,false,0.035,0.03,0.8074034361317399,0.53
65,false,0.035,0.03,0.7889374653441795,0.51
65,false,0.035,0.03,0.7789747605681431,0.51
65,false,0.035,0.03,0.8020238562383413,0.5
65,false,0.035,0.03,0.7827524968247266,0.53
65,false,0.035,0.03,0.7733912601949134,0.5
65,false,0.035,0.03,0.7721505547556898,0.54
65,false,0.035,0.03,0.7993380231030995,0.53
65,false,0.035,0.03,0.7651167895243237,0.48
65,false,0.035,0.03,0.7797176254654259,0.5
65,false,0.035,0.03,0.7550929130210471,0.48
65,false,0.035,0.03,0.795931786060832,0.52
65,false,0.035,0.03,0.7700456148350899,0.51
65,false,0.035,0.03,0.8057109384800378,0.53
65,false,0.035,0.03,0.7931155749227685,0.49
65,false,0.035,0.04,0.8239089509795754,0.55
65,false,0.035,0.04,0.8460977561118949,0.58
65,false,0.035,0.04,0.8215702095992314,0.54
65,false,0.035,0.04,0.8364367731400555,0.53
65,false,0.035,0.04,0.8259226574106842,0.58
65,false,0.035,0.04,0.8275498917858017,0.57
65,false,0.035,0.04,0.8175678496770334,0.6
65,false,0.035,0.04,0.8357962006812529,0.57
65,false,0.035,0.04,0.835776659497604,0.61
65,false,0.035,0.04,0.8350351547204948,0.58
65,false,0.035,0.04,0.824172556214957,0.54
65,false,0.035,0.04,0.8393529559812164,0.54
65,false,0.035,0.04,0.8103876326592188,0.53
65,false,0.035,0.04,0.8298805438013194,0.57
65,false,0.035,0.04,0.8296712403989396,0.57
65,false,0.035,0.04,0.8205408788139067,0.54
65,false,0.035,0.04,0.8312509588470754,0.53
65,false,0.035,0.04,0.8265444441391102,0.57
65,false,0.035,0.04,0.8362170638496019,0.58
65,false,0.035,0.04,0.8235461053472022,0.55
65,false,0.04,0.02,0.7484108063027358,0.52
65,false,0.04,0.02,0.7388800530738758,0.42
65,false,0.04,0.02,0.739746641134782,0.48
65,false,0.04,0.02,0.7334780440271089,0.42
65,false,0.04,0.02,0.734554988495823,0.45
65,false,0.04,0.02,0.7468862150184941,0.45
65,false,0.04,0.02,0.7280666659388305,0.43
65,false,0.04,0.02,0.7447652819937696,0.43
65,false,0.04,0.02,0.737773269068054,0.44
65,false,0.04,0.02,0.7363308250234283,0.44
65,false,0.04,0.02,0.7445603887305507,0.47
65,false,0.04,0.02,0.7384729297452235,0.48
65,false,0.04,0.02,0.7549655780268195,0.47
65,false,0.04,0.02,0.7344764360866952,0.43
65,false,0.04,0.02,0.7457428579140506,0.48
65,false,0.04,0.02,0.7403351564683447,0.45
65,false,0.04,0.02,0.718122541759316,0.42
65,false,0.04,0.02,0.7432955492981813,0.46
65,false,0.04,0.02,0.7309478071981235,0.42
65,false,0.04,0.02,0.7354498840845816,0.42
65,false,0.04,0.03,0.7921333359021193,0.52
65,false,0.04,0.03,0.7784820679101704,0.48
65,false,0.04,0.03,0.7945378061819559,0.53
65,false,0.04,0.03,0.7998549422688044,0.52
65,false,0.04,0.03,0.7852031630644862,0.51
65,false,0.04,0.03,0.7627062025765681,0.49
65,false,0.04,0.03,0.7845906897992989,0.52
65,false,0.04,0.03,0.783635331754422,0.49
65,false,0.04,0.03,0.7930974182201396,0.43
65,false,0.04,0.03,0.794207512911573,0.5
65,false,0.04,0.03,0.7710717179134037,0.47
65,false,0.04,0.03,0.7876741773443479,0.49
65,false,0.04,0.03,0.7769205172356145,0.55
65,false,0.04,0.03,0.7791293038125388,0.53
65,false,0.04,0.03,0.7868693040779482,0.52
65,false,0.04,0.03,0.7815425808661216,0.55
65,false,0.04,0.03,0.7852584645811711,0.54
65,false,0.04,0.03,0.7832196872413032,0.54
65,false,0.04,0.03,0.793958193073989,0.48
65,false,0.04,0.03,0.7773213477192776,0.52
65,false,0.04,0.04,0.8318284105633873,0.59
65,false,0.04,0.04,0.8211105348925506,0.52
65,false,0.04,0.04,0.8145120288641712,0.53
65,false,0.04,0.04,0.8374597770646314,0.59
65,false,0.04,0.04,0.8352583088220658,0.56
65,false,0.04,0.04,0.8172494746944436,0.57
65,false,0.04,0.04,0.8270719556271,0.56
65,false,0.04,0.04,0.8295084529900913,0.52
65,false,0.04,0.04,0.8308692261855218,0.57
65,false,0.04,0.04,0.8334617508765192,0.61
65,false,0.04,0.04,0.8389346226526658,0.57
65,false,0.04,0.04,0.8378828723820237,0.52
65,false,0.04,0.04,0.8304506640778535,0.56
65,false,0.04,0.04,0.8241845309255832,0.6
65,false,0.04,0.04,0.8369991419758184,0.57
65,false,0.04,0.04,0.8429171996195874,0.58
65,false,0.04,0.04,0.8370404263121282,0.6
65,false,0.04,0.04,0.8361666391702548,0.55
65,false,0.04,0.04,0.8260678099700205,0.55
65,false,0.04,0.04,0.8327695117203138,0.61
