platform,obj_key,object_name,n_authors,n_events,gini_activity,stigmergy_score,stigmergy_balanced,is_collab
let,let_241581,Проект_Через_тернии_к_звёздам_Участники,360,1346,0.5973914479115073,2594.028663507731,1044.3781242908954,TRUE
let,let_242360,Проект_Через_тернии_к_звёздам_Карта_участников_проекта,247,684,0.4455808887941852,1612.7664530507698,894.1485434829622,TRUE
let,let_2796,Пермь,197,462,0.4837277781440218,1209.132229654988,624.2413827216536,TRUE
let,let_203881,Команда_Бедлам_школы_N_165_г._Новосибирска,178,357,0.42603783086268215,1046.7348715793246,600.786217403341,TRUE
let,let_16174,Проекты_в_Летописи,178,733,0.5254763401137391,1174.5346070933838,557.3444604210239,TRUE
let,let_250086,Сетевой_проект_Живой_символ_Арктики_Участники,195,721,0.6021409011700274,1283.4949020841011,510.6501250960444,TRUE
let,let_2826,Пермский_край,106,173,0.33815028901734107,546.85986171674,361.9390414252412,TRUE
let,let_182682,Список_участников_конкурса_Общероссийский_конкурс_учебных_проектов-2010,99,715,0.4812318994137176,650.7943365291039,337.6113418335131,TRUE
let,let_205324,Общероссийский_конкурс_учебных_проектов-2011_Список_участников,96,646,0.46636351909184726,621.3452442720865,331.5724895823728,TRUE
let,let_174084,Проект_Каждый_день_-_праздник,107,279,0.47231434026730984,602.9224875391096,318.15355060474974,TRUE
let,let_255439,Межрегиональный_сетевой_проект_Нам_жить_на_этой_Земле!_Список_участников_5-8_классов,113,336,0.5422461019806153,657.6693711298169,301.0507182426311,TRUE
let,let_213320,Проект_Наша_КЛАССНАЯ_семьЯ_Участники_2011-2012_и_2012-2013,103,269,0.48558126105316346,576.6374617768327,296.6331159167429,TRUE
let,let_248962,Проект_Через_тернии_к_звёздам__Совместная_карта_Имя_Гагарина_на_карте,86,181,0.37485545419504046,447.5445750886044,279.78005012123924,TRUE
let,let_52367,Мы_-_студенты_проект,98,320,0.5102040816326531,565.6012300667416,277.02917391024073,TRUE
let,let_210520,Мы_помним_Проект-2011-2012,92,439,0.5585569971278598,559.9832748759322,247.20069841940665,TRUE
let,let_46604,Мы_помним_Проект-2007-2008,87,295,0.5075394506136762,495.0612725261933,243.79814624814168,TRUE
let,let_46631,Конкурс_В_фокусе_учебный_проект2007,85,176,0.4521390374331551,439.97272726877543,241.04388186463123,TRUE
let,let_174392,Список_участников_проекта_Мы_помним_2009-2010,79,251,0.45035049674718847,436.8248979134024,240.10058814656173,TRUE
let,let_198618,Проект-квест_Летописи.ру_<U+2015>_5_лет_Задание_3-Перекрёстное_оценивание,68,193,0.35774154221274,358.2143548163063,230.06619908157924,TRUE
let,let_99806,Проект_Наша_КЛАССНАЯ_семьЯ_Участники_2008-2009,75,239,0.44764295676429566,411.0479192506494,227.0452133054772,TRUE
let,let_198400,Проект-квест_Летописи.ру_<U+2015>_5_лет_Задание_2-3,69,218,0.40194123121925274,371.84594935733855,222.385730648758,TRUE
let,let_215235,"Сетевой_проект_Слон_—_больше,_чем_животное_Участники",113,647,0.6975968048583661,731.549648687807,221.22295116793265,TRUE
let,let_210364,Проект_Мой_кейс_Веб_2.0_Номинация_Кейс_педагога._Группа_2,81,264,0.5216984661429106,451.958115904884,216.1722600764662,TRUE
let,let_199734,Проект-квест_Летописи.ру_<U+2015>_5_лет_Итоговая_рефлексия,69,143,0.3701226309921962,342.91711767074406,215.99573186618773,TRUE
let,let_262334,Проект_Моя_коллекция_Участники,71,475,0.5110155670867309,437.74466765043087,214.0503280718534,TRUE
let,let_122368,Проект_Лицо_школы-2009,73,228,0.48738284066330206,396.6617062594595,203.33559708037183,TRUE
let,let_184720,Августовская_перекличка_площадок_программы_Intel_Обучение_для_будущего_26_августа_2010,70,165,0.4321212121212122,357.83914518495806,203.20926002321556,TRUE
let,let_250258,Проект_Кладовая_полдневного_светила_Список_команд,74,169,0.47761074684151605,380.0490843417194,198.53355733283647,TRUE
let,let_19980,Проект_Наша_КЛАССНАЯ_семьЯ,86,327,0.6033354668942466,498.1991703210364,197.61794128906763,TRUE
let,let_252281,Проект_Кладовая_полдневного_светила_Карта_участников_проекта,69,216,0.47155126140633385,371.2129173942917,196.16699794668824,TRUE
let,let_154525,Проект_Наша_КЛАССНАЯ_семьЯ_Участники_2009-2010_учебного_года,61,171,0.3899913718723037,313.9971630856206,191.54097868984795,TRUE
let,let_91520,Проект_Все_мы_родом_из_Детства,66,418,0.5253008554443961,398.4994807148611,189.16736260119697,TRUE
let,let_266702,Список_команд_Сетевой_проект_Святой_витязь_земли_русской,67,241,0.4919799343531306,367.758827652498,186.82886376623776,TRUE
let,let_126871,Конкурс_логотипов_для_сайта_программы_Путь_к_успеху_2009,63,708,0.5549278091650973,413.5228981715241,184.0475422495986,TRUE
let,let_55492,Проект_Дальневосточная_азбука,67,311,0.5236838316456304,384.78121358323534,183.27751330871095,TRUE
let,let_71286,"Проект_Лицо_школы-2008,_январь-июнь",80,268,0.5968283582089552,447.57691036814714,180.4503177808892,TRUE
let,let_80145,300_ИнтеЛлектуальных_школ,83,654,0.6652665708706386,538.2247245577258,180.1618076934136,TRUE
let,let_153768,Региональный_проект_Открытый_космос,66,203,0.4899985072398865,350.99591959371827,179.0084429455051,TRUE
let,let_28510,Проект_Исчезнувшие_деревни_России,78,280,0.5953296703296703,439.79166420803216,177.9706377413273,TRUE
let,let_109717,"Региональный_проект_Город,_которого_нет_на_карте",73,302,0.585956636124467,417.1024948021839,172.69852002877323,TRUE
let,let_67718,"Дистанционная_обучающая_олимпиада_по_биологии,_2007",65,152,0.5036437246963563,326.9784648905083,162.29781293755593,TRUE
let,let_192267,Таблица_успеваемости_9_классов._Учебный_проект_День_матери_2010,47,296,0.4107245543415756,267.6054105237269,157.69329754697478,TRUE
let,let_212523,Сетевой_проект_По_следам_Нижегородского_ополчения,66,550,0.6221487603305785,416.5744974040924,157.4031902588025,TRUE
let,let_85828,Песочница,110,1096,0.7966655607166556,770.0367906302753,156.57499905035309,TRUE
let,let_146773,Мы_помним_Проект-2009-2010,56,235,0.5035714285714286,305.97458108143417,151.89452417971196,TRUE
let,let_199546,Региональный_проект_Как_у_нас_на_Дону,73,855,0.6920772250260354,492.9157374583472,151.77998170651244,TRUE
let,let_213212,Команда_Корифей5_Региональный_проект_Отечество_нам_Царское_Село,47,267,0.44545382102159536,262.77638808401025,145.72164193773426,TRUE
let,let_210090,Проект_Мой_кейс_Веб_2.0_Номинация_Кейс_педагога._Список_участников,68,292,0.6242949234488316,386.2517374131606,145.11673857283327,TRUE
let,let_236457,"Конкурс_IT_-_проектов_Открыто_о_закрытом,_Саров__Школа_Росатома_Участники",51,213,0.4705882352941176,273.6647767661144,144.88135240558998,TRUE
let,let_116864,Искитимская_городская_педагогическая_Интернет-конференция_Использование_информационных_технологий_в_педагогической_практике,74,1106,0.7214945506084747,518.6962610204391,144.45973527320132,TRUE
