"id","type","label"
"timur1985","author","timur1985"
"AlexVladTr","author","AlexVladTr"
"clanit","author","clanit"
"helga112112","author","helga112112"
"loktevalr","author","loktevalr"
"ScratchSofi","author","ScratchSofi"
"zhuza","author","zhuza"
"chetvertnayavarvara","author","chetvertnayavarvara"
"kod-u","author","kod-u"
"DenFlash","author","DenFlash"
"school_12_ui","author","school_12_ui"
"Grishka","author","Grishka"
"v_parf","author","v_parf"
"Karina0905","author","Karina0905"
"OlgaPatrikeeva","author","OlgaPatrikeeva"
"galiya_galia","author","galiya_galia"
"Coraline2K","author","Coraline2K"
"taskaev_rostislav","author","taskaev_rostislav"
"fedotov_sergey","author","fedotov_sergey"
"scratch_master444","author","scratch_master444"
"shurupov_andrey","author","shurupov_andrey"
"kolinichenko_andrey","author","kolinichenko_andrey"
"Vladislav08","author","Vladislav08"
"kirilov_arseniy","author","kirilov_arseniy"
"Eva_S_Eva","author","Eva_S_Eva"
"ISArus","author","ISArus"
"Mr_Optiy","author","Mr_Optiy"
"SonyaP","author","SonyaP"
"XeniaKov","author","XeniaKov"
"Gibiskus","author","Gibiskus"
"yana2004","author","yana2004"
"Joanalittlefox","author","Joanalittlefox"
"Olenegorsk","author","Olenegorsk"
"AkaiDoragon","author","AkaiDoragon"
"Wyntiano","author","Wyntiano"
"IvanSayansk","author","IvanSayansk"
"sch4_210","author","sch4_210"
"Zeway_YT","author","Zeway_YT"
"lopper2005","author","lopper2005"
"User001007","author","User001007"
"Myhluk","author","Myhluk"
"V2501","author","V2501"
"DaniilG2018","author","DaniilG2018"
"kokokola2","author","kokokola2"
"Triolon","author","Triolon"
"TacticalPotatos-1","author","TacticalPotatos-1"
"Lisik-Mark","author","Lisik-Mark"
"AnyaArgokova1","author","AnyaArgokova1"
"razcmser","author","razcmser"
"Falkomen","author","Falkomen"
"Strekosa","author","Strekosa"
"ksucha2002","author","ksucha2002"
"Foxter-26","author","Foxter-26"
"Street_12","author","Street_12"
"Proventus","author","Proventus"
"Danil_6","author","Danil_6"
"Sultanov","author","Sultanov"
"lopana","author","lopana"
"ckjtyjr","author","ckjtyjr"
"Stepan108","author","Stepan108"
"GSM-MAGISTR","author","GSM-MAGISTR"
"supermark64","author","supermark64"
"TITANIKstudios","author","TITANIKstudios"
"riiiple","author","riiiple"
"GUAN2888","author","GUAN2888"
"Tirlikurindui","author","Tirlikurindui"
"RStyle_","author","RStyle_"
"__Viktoria__","author","__Viktoria__"
"Street_11","author","Street_11"
"roge1337","author","roge1337"
"SonyaDonut","author","SonyaDonut"
"ilyakcom","author","ilyakcom"
"cubefine","author","cubefine"
"lusi2017","author","lusi2017"
"lyapinandreyknd","author","lyapinandreyknd"
"sAnya220","author","sAnya220"
"_Nikivas_","author","_Nikivas_"
"bizarerose1918","author","bizarerose1918"
"PoLiSaraf","author","PoLiSaraf"
"376886874","author","376886874"
"palevooooo","author","palevooooo"
"ZSan4eZ","author","ZSan4eZ"
"kibertex","author","kibertex"
"Fm07v","author","Fm07v"
"MarkeRq","author","MarkeRq"
"Dmitry188","author","Dmitry188"
"fcz113","author","fcz113"
"stud62","author","stud62"
"Men_X","author","Men_X"
"last_hranitel","author","last_hranitel"
"NataKaz","author","NataKaz"
"matveysh","author","matveysh"
"Darrinius","author","Darrinius"
"Kolyat","author","Kolyat"
"Paravil","author","Paravil"
"Dex2_0","author","Dex2_0"
"olpl2411","author","olpl2411"
"fongol","author","fongol"
"TheCreator13347","author","TheCreator13347"
"GoOSeY_PiPe_","author","GoOSeY_PiPe_"
"kamazZZZ","author","kamazZZZ"
"dima150909","author","dima150909"
"Veron_Elma","author","Veron_Elma"
"spidypool","author","spidypool"
"amaliyasupermilk","author","amaliyasupermilk"
"Pendolina","author","Pendolina"
"ya_artem","author","ya_artem"
"dima_pragrammist","author","dima_pragrammist"
"Sokolinyj_glaz","author","Sokolinyj_glaz"
"ffcvgc1","author","ffcvgc1"
"Endro2018","author","Endro2018"
"RUNLION","author","RUNLION"
"vovan283","author","vovan283"
"79tgl","author","79tgl"
"delik_csh","author","delik_csh"
"alin-malin","author","alin-malin"
"Badros","author","Badros"
"Duolex","author","Duolex"
"oksana-chigir","author","oksana-chigir"
"swimmer158","author","swimmer158"
"ToriNN06","author","ToriNN06"
"ERTAsoN","author","ERTAsoN"
"Almirynia","author","Almirynia"
"Velanr","author","Velanr"
"krylgala","author","krylgala"
"Maag2091","author","Maag2091"
"Onego-San","author","Onego-San"
"Renat123","author","Renat123"
"andreym2006","author","andreym2006"
"UserDen","author","UserDen"
"Tim_0508","author","Tim_0508"
"Alex_Alex","author","Alex_Alex"
"tata18y12","author","tata18y12"
"GalaxyanAs","author","GalaxyanAs"
"VisualClony","author","VisualClony"
"hanterr_mav","author","hanterr_mav"
"Pylenok_Sasha","author","Pylenok_Sasha"
"dondukov_slava","author","dondukov_slava"
"maksesquire","author","maksesquire"
"apasov_egor","author","apasov_egor"
"udin_danil","author","udin_danil"
"Tigrenok275","author","Tigrenok275"
"Sema0304","author","Sema0304"
"marina4213567","author","marina4213567"
"nastya200619","author","nastya200619"
"Midorima666","author","Midorima666"
"Alina7766","author","Alina7766"
"policat333","author","policat333"
"tanya20078","author","tanya20078"
"KillFoxed","author","KillFoxed"
"LoL_KeK_Chebyrek_1","author","LoL_KeK_Chebyrek_1"
"Gromozek","author","Gromozek"
"-Elik-","author","-Elik-"
"Vas555","author","Vas555"
"Optimoos2008","author","Optimoos2008"
"LeoSLeo","author","LeoSLeo"
"sovaN4_ar","author","sovaN4_ar"
"Alexandr2142470","author","Alexandr2142470"
"argayash","author","argayash"
"tyolson","author","tyolson"
"Danacat1","author","Danacat1"
"Oganisyan_TE","author","Oganisyan_TE"
"NIK253","author","NIK253"
"2005il","author","2005il"
"Someoneee","author","Someoneee"
"McCubIk","author","McCubIk"
"ProgRussia","author","ProgRussia"
"38_man","author","38_man"
"Vova220","author","Vova220"
"ermolov_i","author","ermolov_i"
"Summoleany","author","Summoleany"
"JV_D","author","JV_D"
"JONIK15001","author","JONIK15001"
"kartashovaann","author","kartashovaann"
"LeonardoDaKing","author","LeonardoDaKing"
"mikcvr12","author","mikcvr12"
"XyGGiRaH","author","XyGGiRaH"
"MaksNogliki","author","MaksNogliki"
"School_3","author","School_3"
"VaDiKs","author","VaDiKs"
"Kalipsonic","author","Kalipsonic"
"Pasha2004","author","Pasha2004"
"CoolTurtle648","author","CoolTurtle648"
"Homadoma","author","Homadoma"
"pavlin_","author","pavlin_"
"beliaeffmark","author","beliaeffmark"
"SoVa150607","author","SoVa150607"
"__Kiss_ka__","author","__Kiss_ka__"
"sofibelom","author","sofibelom"
"VlaMal","author","VlaMal"
"Artem_15","author","Artem_15"
"zadiri","author","zadiri"
"December01312","author","December01312"
"LeraPolezhaeva","author","LeraPolezhaeva"
"Miron_154","author","Miron_154"
"biatv","author","biatv"
"school_korotch6","author","school_korotch6"
"stepan_a","author","stepan_a"
"rjn333","author","rjn333"
"nature_cat","author","nature_cat"
"VariaKotek","author","VariaKotek"
"firedank","author","firedank"
"MariChik","author","MariChik"
"dariasi","author","dariasi"
"Lisichko","author","Lisichko"
"s_tchikin","author","s_tchikin"
"Sonia376","author","Sonia376"
"Rapirus","author","Rapirus"
"Dakinson05","author","Dakinson05"
"zsedx","author","zsedx"
"ALEX005KRYT","author","ALEX005KRYT"
"semsmir228","author","semsmir228"
"Anna0304Anna","author","Anna0304Anna"
"lopdop91","author","lopdop91"
"AndreyPlyashchenko","author","AndreyPlyashchenko"
"antoni2009","author","antoni2009"
"georgu_klass3","author","georgu_klass3"
"Russiu1ru","author","Russiu1ru"
"Robot70","author","Robot70"
"Colibri-1","author","Colibri-1"
"Ivann7950","author","Ivann7950"
"anna2111","author","anna2111"
"KamillaMatviiv","author","KamillaMatviiv"
"Lankle","author","Lankle"
"tuleninov","author","tuleninov"
"ClassicNastya","author","ClassicNastya"
"Peterfireleft228","author","Peterfireleft228"
"StepanidaK","author","StepanidaK"
"Danikdanik10","author","Danikdanik10"
"Pavel7","author","Pavel7"
"Ivan-007","author","Ivan-007"
"Alex_Coder","author","Alex_Coder"
"SoNyA15101221","author","SoNyA15101221"
"Vally1234","author","Vally1234"
"KAKASHK","author","KAKASHK"
"Orel2575","author","Orel2575"
"FiXPlay","author","FiXPlay"
"lic40","author","lic40"
"rathood2000","author","rathood2000"
"Nastya0007","author","Nastya0007"
"trololoshka19012009","author","trololoshka19012009"
"Timurkin","author","Timurkin"
"Ksy18V","author","Ksy18V"
"Veliky_Bars_8","author","Veliky_Bars_8"
"Larion17","author","Larion17"
"tedi1233","author","tedi1233"
"HappyPirate007","author","HappyPirate007"
"Dena228","author","Dena228"
"xypmunka","author","xypmunka"
"van4ik","author","van4ik"
"Arkangoo1","author","Arkangoo1"
"Oxik24","author","Oxik24"
"Nikitka32","author","Nikitka32"
"Shaihatarov","author","Shaihatarov"
"gamehunt1","author","gamehunt1"
"Dima-57","author","Dima-57"
"Xrenmorjovii1337","author","Xrenmorjovii1337"
"Baron_is_Bro","author","Baron_is_Bro"
"lod07","author","lod07"
"kotowilliam","author","kotowilliam"
"zyabr","author","zyabr"
"nikman89","author","nikman89"
"KEFIR12","author","KEFIR12"
"bezzubik","author","bezzubik"
"Noskov01","author","Noskov01"
"LeraShooll","author","LeraShooll"
"lizsamor","author","lizsamor"
"Max0789","author","Max0789"
"SEApps","author","SEApps"
"AzazazinKreed","author","AzazazinKreed"
"YanYaroslavskiy2","author","YanYaroslavskiy2"
"Nadia_Golovina","author","Nadia_Golovina"
"NINDZIA2008","author","NINDZIA2008"
"hjccbz","author","hjccbz"
"KriIva","author","KriIva"
"MAXIMUSLU","author","MAXIMUSLU"
"Daniil2701","author","Daniil2701"
"Russian_boys","author","Russian_boys"
"Mishamaster","author","Mishamaster"
"uragan123","author","uragan123"
"Orel706","author","Orel706"
"Vanya-Pro","author","Vanya-Pro"
"Frouzen1337","author","Frouzen1337"
"pelmesh","author","pelmesh"
"_roeb_","author","_roeb_"
"isoftcmg","author","isoftcmg"
"sergei-chi","author","sergei-chi"
"Marina_Ut","author","Marina_Ut"
"ybivashka","author","ybivashka"
"4789981","studio","Заявки на конкурс Collab Challenge"
"33969674","studio","(SEASON 3) Color Crusade"
"36279833","studio","Random Projects"
"4940699","studio","Роббо1"
"4999520","studio","Саша и Ариша Звёзды века"
"4924246","studio","КомандныйКод"
"4924506","studio","Командный код"
"4789730","studio","A studio"
"4938671","studio","светики пересветики"
"5041781","studio","Искусство и математика!"
"4426915","studio","Untitled Studio"
"26971376","studio","Scratch-Олимпиада"
"28046702","studio","НТИ"
"5038623","studio","codelab"
"31180173","studio","Программный КОТ"
"5038133","studio","Untitled Studio"
"5032852","studio","Untitled Studio"
"5038680","studio","MyCraft"
"5038679","studio","Untitled Studio"
"5038702","studio","КомандныйКод"
"5038537","studio","Saydyashev "
"5038616","studio","Проект парусные корабли"
"5035894","studio","Sonia'n'Xenia"
"5038355","studio","Простая Школа "
"1727645","studio","max and artem 2016"
"514924","studio","Джин"
"5035729","studio","Матильда"
"5000097","studio","про"
"35597821","studio","Студия для знаний(Rus studio)"
"5038028","studio","Игра на прокачку"
"6057635","studio","Gamermasters"
"5038041","studio","Туманин Ященко"
"4983724","studio","Карантин"
"5038055","studio","Untitled Studio"
"5035265","studio","ГКООУ ""Санаторная школа-интернат №4"""
"5037347","studio","ГКООУ ""Санаторная школа-интернат №4"""
"5035269","studio","Untitled Studio"
"4911414","studio","Players 2.0"
"5036102","studio","Untitled Studio"
"5035851","studio","ПОЕДАЛКИНЫ"
"5035757","studio","Untitled Studio"
"4570926","studio","Студия kokokola "
"5035342","studio","Битва Магов"
"5035347","studio","Коротко о главном"
"4918455","studio","Falkomen & RStale_ studio"
"4947381","studio","1-ый хакатон по креативному программированию в Нск"
"33506010","studio","просто скретч "
"33534212","studio","Шиндовсы вперёд"
"5342951","studio","train and more"
"5032026","studio","Untitled Studio"
"5037950","studio","Untitled Studio"
"4951492","studio","Lost in the MAZE"
"4908556","studio","The Orange Studio"
"5007197","studio","Untitled Studio"
"5035602","studio","ITL Studios"
"1103074","studio","Add all scratchers!"
"627218","studio","Octopus"
"841440","studio","Title changed again again"
"905102","studio","PONG games"
"915980","studio","Big World"
"1024886","studio","Spaseships"
"1166608","studio","Help pwaty66's project get featured!"
"1218256","studio","Cool remixes!"
"1236086","studio","Ask me!"
"1238430","studio","Anyone know what shing-shang is?"
"1264134","studio","keep calm and love Eevee"
"1303794","studio","Pixel Sprites for Games"
"1356162","studio","favorites"
"1359576","studio","The sing offs!"
"1378610","studio","Ask to curate! Let's get 1000 projects!"
"1378624","studio","Japan games vs America games!"
"1401096","studio","Windows OS"
"1542722","studio","Help 789meepwhirh get 50 followers"
"1582380","studio","Awesome Graphics Studio"
"1756688","studio","All Grown Up!"
"1403402","studio","1,000 projets  TRY :) or over "
"1232186","studio","Add every single project you have favorited!"
"708062","studio"," PROJECTS "
"1218436","studio","Jullius Williams"
"4384390","studio","Add Anything"
"1206808","studio","dolphin-science F.P.C. sample studio  "
"5039795","studio","Untitled Studio"
"5015884","studio","MagistrWorld"
"4908198","studio","games masters"
"5038068","studio","TITANIKstudios the videogame"
"5038078","studio","TITANIKstudios the muisic"
"5038064","studio","TITANIKstudios the educational project"
"5015829","studio","I love FOOOOOOTBALLLLL"
"475547","studio","Conversations"
"475517","studio","Music Video"
"5037753","studio","Студия друзей"
"9684952","studio","Create your rover/Создай свой марсоход"
"4968804","studio","Logic"
"31533515","studio","Emerald_2011 studio"
"4973542","studio","LSCHOOL5"
"5010761","studio","Студия ""Пельмеши"" COLLAB CHALLENGE"
"5035946","studio","NextGen Software"
"3707989","studio","Проектная свалка."
"4951464","studio","FineClub (Ми и Ден)"
"5006465","studio","SuperArkanoid"
"6015330","studio","Untitled Studio"
"4985168","studio","ШКОЛА 648"
"4999523","studio","89118991873"
"4999554","studio","PoLiSaraf"
"4999507","studio","Ptelka Studio"
"5006989","studio","Kibertech"
"4968210","studio","Роббо4 Кирилл и Дима"
"4991233","studio","TopTeam62"
"4973149","studio","Хакатон Scratch в ТГУ"
"4987782","studio","Scratch хакатон"
"4966330","studio","Подготовка к Хакатону"
"4987735","studio","выдумщицы"
"5025083","studio","Super Star"
"4987764","studio","Scratch - хакатон. Пельмешки"
"4971356","studio","Студия Артёма"
"4984485","studio","Посторонним в (зузбания)"
"4984505","studio","Скретч"
"4998981","studio","88005553535123"
"4983484","studio","Ko-ko-kombo"
"27675749","studio","kombo"
"4959462","studio","Studio M@lbugSch00l"
"29489658","studio","ART"
"4951219","studio","гроза"
"4973043","studio","Scratch Studio TTL"
"5021554","studio","Games"
"5035819","studio","Чат ""СОНЯ, ВИКА и АНЯ"""
"4951321","studio","Дима в квадрате 2"
"4970883","studio","Битва роботов"
"4970889","studio","Тимур и Ксюша"
"4971044","studio","Untitled Studio"
"4223465","studio","Русский скретч|скратч  / Russian scratch"
"5038816","studio","Untitled Studio"
"5038819","studio","Untitled Studio"
"5038827","studio","Game Scratch"
"153652","studio","add it ALL or else"
"5285623","studio"," ДОБАВЛЯЕМ ЧТО ХОТИМ! "
"27926932","studio","Студия Жопика"
"28315759","studio","Рома"
"30603248","studio","Мы в эфире"
"32723027","studio","любые проекты"
"4959546","studio","Экскурсия по Тольятти каб.16"
"4944242","studio","Времена года"
"5261935","studio","Добавляйте что хотите + все менеджеры!!!"
"4944231","studio","Untitled Studio"
"1155878","studio","Lonely projects, make them viewed"
"26976871","studio","Island Survival Games"
"31488157","studio","Happy birthday, scratch!"
"28597037","studio","Работы моих воспитанников"
"28639769","studio","VolBIT – космос"
"4126184","studio","Творческие работы с вебинара ""Анимация завриков"""
"6923588","studio","Untitled Studio"
"4419041","studio","ERTAsoN GAMES"
"5587418","studio","Untitled Studio"
"5587645","studio","chicken invaders "
"28616593","studio","TÜRKLER STÜDYOSUratch"
"1989363","studio","ITGEN.IO"
"4956224","studio","Untitled Studio"
"5003204","studio","Untitled Studio"
"5003208","studio","Untitled Studio"
"29049472","studio","Шмель 2021 (5-8 кл.)"
"29049438","studio","Шмель 2021 (2-4 кл.)"
"25909111","studio","Шмель 2020 (5-8 кл.)"
"25909110","studio","Шмель 2020 (2-4 кл.)"
"6034113","studio","Шмель 2019 (2-4 кл.)"
"30293950","studio","✨ НОВЫЙ ИССЛЕДУЙ ✨"
"1924057","studio","Shmel-2016 (5-8)"
"4885488","studio","Шмель-2018 (5-8 кл)"
"4885477","studio","Шмель-2018 (2-4 кл)"
"3853257","studio","Shmel-2017 (2-4 kl.)"
"1924076","studio","Shmel-2016 (2-4)"
"19412345","studio","All projects in the world!!!"
"1027000","studio","Shmel-2015 (5-7)"
"3620103","studio","add your stuff,"
"374716","studio","Shmel2014(5-7)"
"374702","studio","Shmel2014(2-4)"
"212862","studio","Фізматик (приклади)"
"4286300","studio","поиграем и посмотрим"
"33696154","studio","Фан-клуб Дена0145-това/Dan Studio"
"34038806","studio","Игры маша и медведь"
"36092327","studio","Тропа, к исследуй."
"37080388","studio","..."
"193945","studio","Shmel2013(5-7)"
"331715","studio","GAMES-CREATOR "
"193944","studio","Shmel2013(3-4)"
"488294","studio","Русское сообщество скретчеров 4.0"
"25203959","studio","Студия союза"
"33624580","studio","Nordbrok's gallery Studio"
"33640550","studio","The Zheka Fan Club ;)"
"33838114","studio","Nordbrok's Fanclub"
"33071448","studio","Тверская студия"
"156318","studio","Shmel2012 (3-4)"
"156317","studio"," Shmel2012 (5-7)"
"115492","studio","Shmel2011"
"3778830","studio","Untitled Studio"
"76086","studio","Shmel2010"
"5036819","studio","Рыбалка"
"5323832","studio","VolBIT_masterpiece"
"16346","studio","scratch kat projects"
"24379","studio","Add Whatever"
"28276","studio",""
"31796","studio","non popular projects"
"55641","studio","  ADD EVERYTHING!"
"105751","studio","the 1,000,0000 projects galleries"
"135894","studio","   the everything gallery"
"139364","studio","All the Sonic Scene Creators on Scratch!"
"174525","studio","Games Today"
"188015","studio","Every Scratch Project in the WORLD!"
"190841","studio","Add as Many Projects as you possibly can!"
"206056","studio","POST EVERY PROJECT ON SCTACH TO THIS STUDIO!"
"207794","studio","I hope this studio gets at least [removed] projects."
"218419","studio","Add any project you have seen"
"218753","studio","add ya projects"
"237148","studio","Add All Your Projects Here!"
"276656","studio","Add Anything :)"
"279942","studio","1000 project attempt!"
"723930","studio","ADD ALL THE PROJECTS!"
"812936","studio","Add your projects!!!"
"1829565","studio","HOW MANY PROJECTS BY 2019!!?!??!?!?!"
"1941066","studio","스크래치 게임"
"2016750","studio","Can we get 1,000,000 projects before 2020?!"
"2080098","studio",".IO Games"
"2087244","studio","LOL "
"3962343","studio","Griffpatch Fan Club"
"4968835","studio","Проекты"
"4981031","studio","военные игры"
"5138936","studio","Jinx Team Games"
"5197472","studio","Games"
"5265301","studio","Games Studios"
"5639477","studio","Games!"
"5652011","studio","Ok Boomer..."
"209938","studio","every project on the earth OF SCRATCH 24991 projects "
"9555649","studio","Scratchers of 2021!"
"12114043","studio","Studio for all Scratchers!"
"14334780","studio","Games"
"14552423","studio","Minecraft"
"25084976","studio","☆Itgenio☆ РЖАНОЙ ХЛЕБ"
"25225554","studio","Gotta add em' all!"
"25272866","studio","--Explosion-- 's Friends and Followers"
"25317073","studio","Bruh Studio"
"25390272","studio","every projects"
"25413344","studio","ADD ALLL OF THEM"
"25413840","studio","Popular projects"
"25449050","studio","Untitled Studio"
"25496614","studio","GET POPULAR"
"25524255","studio","プロジェクトが一万、マネージャーが数え切れない位に!(su-pa-manR))"
"25530203","studio","Fun scratch games!"
"25532062","studio","The ALL Powerful Studio!!! ADD ALL PROJECTS!"
"25541896","studio","Platformers"
"25598666","studio","НЕТ ЕДЫ ЗДЕСЬ"
"25671371","studio","COOL STUFF"
"25672405","studio","Untitled Studio"
"25676304","studio","SCRACH BROS"
"25676767","studio","FUN STUFF"
"25682567","studio","Follow if you're cool!"
"25870437","studio","mariorocks11 fan club"
"25984572","studio","follow for follow (>^.^<)"
"16409","studio","The EVERYTHING Studio"
"54257","studio","*Add your projects here.*"
"226862","studio","ADD EVERY PROJECT YOU KNOW OF!"
"236356","studio","trying to get a lot of curators and projects"
"245147","studio","Add anything Minecrafty!"
"272822","studio","Add Everything!"
"1261988","studio","FREE "
"1682135","studio","Готовые проекты"
"1743560","studio","MJM3 Games"
"1801732","studio","Всех Русских в кураторы"
"56","studio","Mick's gallery"
"342467","studio","Any project!(Can we get 200 projects by may 1st?)"
"837830","studio","1,000,000 projects "
"2978264","studio","follow if you like pizaa "
"5689987","studio","Features studio!"
"5695326","studio","eeee"
"5698505","studio","Scratcher Club"
"7301352","studio","DON'T DELETE IT! @DISHDASH88 Fanclub :D!!"
"4852111","studio","TerraBro"
"3951893","studio","ВСЁ ЧТО МОЖНО ДОБАВИТЬ"
"4306254","studio","Make Friends With Scratchers Around the World!"
"4362949","studio","I, Scratcher / Я, Скретчер"
"4431618","studio","Brainiac"
"4601678","studio","мои проекты"
"4852170","studio","| Студия ""КОТОФЕЙ"" | ""KOTOFEY"" Studio |"
"4969020","studio","Платформеры, кликеры и другое..."
"4495204","studio","ЛОМАЕМ ГОЛОВУ!!!"
"25273127","studio","Prehistoric"
"25993016","studio","Untitled Studio"
"10235543","studio","Игры Эл Свейгарт"
"4647910","studio","Conservatives of Scratch"
"26513358","studio","Super project "
"26547853","studio","Русская гречка "
"5801323","studio","Year 3000"
"5804065","studio","С новым годом!"
"4439315","studio","Мульти-распупульти / Multi-razpupulti"
"4592690","studio","Сможем набрать 400 проектов до 20 марта 2019 года??"
"5600047","studio","Unnoticed projects"
"5029548","studio","Крутая студия|Сool studio"
"5256490","studio","Symmetry"
"5277982","studio","make games!"
"5970593","studio","PUT YOUR PROJECTS HERE PLEASE."
"5209415","studio","Cooking Week: Scratch Camp 2018"
"5261204","studio","☻Anything ok☻"
"5255964","studio","Cars: Fast as Lightning!"
"5209414","studio","Art Week: Scratch Camp 2018"
"5257941","studio","add everything lets have 200 projects by 2020"
"5210238","studio","Camp Headquarters 2018"
"4522321","studio","Грю и его семья \ Grew and his family"
"4533384","studio","МИНЬОНЫ \ MINIONS !!!"
"31992168","studio","міньйони!!!!!"
"4592161","studio","RUN-RUN-RUN"
"5073915","studio","Cats stories"
"5047558","studio","Scratch Day Celebrations!"
"4595529","studio","студия разработанных проектов"
"4981407","studio","Design a Park"
"5039903","studio","КомандныйКод - Парк развлечений"
"4991184","studio","КомандныйКод - Выйти из комнаты"
"26286594","studio","FOX LOVERS!!!!!!!!"
"4993296","studio","КомандныйКод - Космическая игра"
"1817758","studio","Проекты юных программистов и разработчиков игр"
"3467282","studio","Студия ""Классные проекты!!!"""
"3849860","studio","Всех в менеджеры! (Под защитой СГМ!)"
"4609736","studio","kurt adam"
"6222077","studio","Космическая одиссея"
"6259983","studio","Скретчики"
"50899513","studio","Интересные проекты на скретч для разбора"
"4868070","studio","Angry Birds"
"263835","studio","Angry Birds"
"1690329","studio","WHO LIKES ANGRY BIRDS 2?!"
"2106443","studio","ANGRY BIRDS"
"4274766","studio","FLICK studio!"
"4228481","studio","[OLD] Propose Projects to be Featured"
"4432377","studio","Gobolympics"
"4492914","studio","Спортландия / Sportland"
"33195832","studio","My Projects"
"25874558","studio","all the projects on scratch"
"3643149","studio","Русские"
"3917230","studio","Самые крутые игры! ""KometGames"".ru"
"4313704","studio","Мы набрали 300 проектов и 10 менеджеров!"
"4520271","studio","IronHead43 fan club!"
"33257754","studio","Teachwindy17.com"
"33588564","studio","muhammad.com"
"33588568","studio","yaseen.com"
"36008976","studio","ADD YOUR EVERYTHING!!!!!!!!!!"
"4404350","studio","awesomesauce the awesome in sauce"
"4510259","studio","Untitled Studio 4.0"
"4569452","studio","Roberto"
"4431697","studio","Videodir \ управляйте с помощью видео"
"4595321","studio","Malwa083"
"4596842","studio","Polskie Meeeega Gry :)"
"4506396","studio","The Fun Continues in Scratch"
"4554208","studio","things shacks10"
"4108162","studio","lets add as much projects as we can!!!!!!!!!!!!!!!!!"
"4508618","studio","the anyones invited studio"
"3527412","studio","Studio Of Good Mood (Спасательная операция)"
"4412934","studio","Проба"
"4412953","studio","Berina"
"4505532","studio","Rogachew school team"
"28136195","studio","Задания для квеста ""Остров Мудрости"""
"30607092","studio","Наши выкрутасы"
"3997354","studio","Happy birthday scratch"
"4431720","studio","Space studio \ космическая студия"
"3472117","studio","клевые игры и анимации"
"4216801","studio","Scratchbook!"
"4333395","studio","Scratch in Space"
"4372785","studio","Roblox BOSS!"
"1935185","studio","Проекты друзей"
"73443","studio","RuTu - Russian Scratch-School"
"4991073","studio","Найди предмет @Ksy18V Ксюша 9 лет и @tata18y12 Саша "
"3686793","studio","EVERYONE IS MANAGER!"
"499222","studio","Can we get 1,000,000 projects before 2032?"
"3473658","studio","The studio fans of little known games."
"4628161","studio","Collaboration - A Studio"
"4526656","studio","❊Secret Santa❊ "
"3931608","studio","_-=+*BOSS TOUR*+=-_"
"3984688","studio","Studio of Coders."
"3755311","studio","разработчики SUPERSCRATCH"
"2976891","studio","Clony studio"
"3678832","studio","TOXICREATOR'S (and friends) STUDIO!"
"2216480","studio","Put as many projects here as you like"
"3671197","studio","Студия друзей!"
"3010481","studio","Diep.io projects!"
"4658637","studio","Games in space, io  and arena! + minecraft "
"2056528","studio",":)"
"2926472","studio","ADD ALL YOUR PROJECTS HERE"
"2999297","studio","sumowresler76's friends and followers"
"3459744","studio","Студия Мастеров Скретча"
"2945059","studio","Can We Get Over 500 Projects At The End Of August?"
"259979","studio","ADD EVERYTHING! :D"
"1738309","studio","Struggl with bosses!"
"1841787","studio","Undertale"
"50599386","studio","Sword of the Spirit"
"5077316","studio","Викторины в Scratch для учеников ""Инженерики"""
"5035772","studio","Интерактивная песочница группа Пятница"
"4983490","studio","Щенок и лиса"
"5098054","studio","@_Плэйлист_@"
"4150358","studio","ВолБит Библиотека"
"4468017","studio","Tigrenok275 Studio"
"4968583","studio","Scratch GGVP"
"4663659","studio","проект на двоих секретно"
"4932517","studio","Untitled Studio"
"4791599","studio","aming us"
"4806080","studio","Alisultans best  twiglet studio"
"4930951","studio","Adventures"
"1703752","studio","Котабра"
"6049070","studio","избранные проекты"
"1703728","studio","Практические работы 5 класс"
"5010030","studio","Untitled Studio"
"31100474","studio","скибиди туалет 666"
"5038186","studio","Арена"
"5029281","studio"," Untitled Studio"
"3940863","studio","The Most Popular Studio In Scratch! :D"
"4466842","studio","Scratch-club"
"456776","studio","Cookie Clicker Games"
"517311","studio","Games!"
"1213514","studio","Clicker games!!"
"1985815","studio","Games"
"2030555","studio","Master Games"
"2104708","studio","Games"
"3638415","studio","Populate Your Projects Here!"
"3670786","studio","lightning creative studios"
"3678004","studio","Best Studio For Having Fun!!"
"3688030","studio","Ducks"
"3773272","studio","Spain Park Jags"
"3894522","studio","Clicker Games"
"4017271","studio","bendy lovers"
"413372","studio","Platformer"
"527140","studio","Platformer Studio"
"2248265","studio","Platformer Studio"
"2539000","studio","⚐ Platformer Madness! ⚐"
"3661877","studio","Scratch Projects"
"25161354","studio","LET'S GET EVERY PROJECT ON SCRATCH"
"348393","studio","Let's reach 1000 projects or more"
"487504","studio","Games"
"492952","studio","Platformer Games"
"1464150","studio","""Platformers Only"" Studio"
"1785747","studio","can we get 200 followers?"
"4053531","studio","Военный сервер"
"4956263","studio","Сказка Теремок 1. каб.15"
"5037001","studio","ProgRussia Studio"
"5929084","studio","Креативное программирование Жар-птица"
"488267","studio","Hackathon"
"475543","studio","Pass It On"
"475527","studio","Orange Square, Purple Circle"
"5033120","studio","Центр ""Феникс"""
"5036808","studio","Быки&Коровы"
"30682450","studio","Проекты мира"
"1879099","studio","Танки онлайн"
"25305772","studio","Военная студия"
"27096692","studio","Танки!"
"28413697","studio","WAR CATS"
"3459829","studio","студия для всех русских"
"34252581","studio","Игры которые можно улучшить"
"27624951","studio","AREA-X"
"26184571","studio","BEST GAMES"
"28574448","studio","ИГРЫ ПРО ROBLOX"
"6075853","studio","Танчики и стрелялки"
"27053477","studio","Реклама"
"27594606","studio","ask elenielM"
"2031180","studio","Tanks Studio"
"4859165","studio","project by soni2017 "
"5294573","studio","Клуб танкистов."
"5621706","studio","⭐ Всё что круто!⭐"
"5749372","studio","В эту студию можете добавить что хотите"
"19385719","studio","Лучшие проекты!"
"25031957","studio","Самые лучшие люди"
"25091111","studio","Студия для всех-всех-всех"
"25246708","studio","скретчерлэнд "
"25684322","studio","Наберём 1000000 проектов?"
"25990125","studio"," Studio охрана скретча  _:D_"
"26180415","studio","Games"
"26474597","studio","ранран студия"
"26808162","studio","Мир скретча"
"26517912","studio","Арт-студия"
"26602478","studio","Бессмертный полк"
"26679832","studio","Scratch Россия"
"31687619","studio","война"
"25482444","studio","✔ С.К.И.М ✔ Самые  Крутые Игры Мира"
"26170697","studio","funny games"
"26304923","studio","Искарка  /\==/\"
"26311227","studio","Только крутые игры"
"26562900","studio","петушиная студия. "
"26746541","studio","Альянс скретча"
"2019180","studio","Half-Life"
"29563712","studio","Alleksandra-I's Studio"
"32071650","studio","guns, games, space, dying light games fun "
"26756891","studio","Страшилки"
"4843675","studio","SCP GAMES ONLY"
"5267935","studio","The SCP Foundation"
"5816204","studio","SCP"
"27628196","studio","1000000000000000projets"
"32693730","studio","Add all your projects Studio or add SUS"
"256756","studio","half life"
"25281896","studio","СТУДИЯ ЖИВА! FANNY SCRATCH"
"25906958","studio","TRΛSH STUDIOS"
"26132382","studio","Практичні завдання"
"26208514","studio","olga"
"26258069","studio","LA la"
"26258281","studio","Uni cool"
"26259363","studio","1234567"
"26259576","studio","890olk"
"26262821","studio","girl.com"
"26275287","studio","uoij"
"26277129","studio","o.com"
"26277782","studio","invite every curator and Add every project"
"26279570","studio","99999999999999999999"
"26282462","studio","yay"
"26313490","studio","О Привет!"
"26393298","studio","GAMES!!!GAMES!!!GAMES!!!MEMES!!!"
"26419861","studio","Давайте "
"26534087","studio","всё вместе"
"26540318","studio","Скретчики"
"26642884","studio","Rom-fr-soft Corporation"
"26663187","studio","Studio LeVsuper"
"26715967","studio","Raffel! (Prize is a FREE minecraft account)40 spots"
"26906276","studio","Просто студия"
"26978622","studio","просто студия"
"27716228","studio","Но зачем?"
"337342","studio","Tank Games"
"1687299","studio","The Most Awesome Tank Games"
"3687039","studio","самые крутые игры "
"3817180","studio","Super Tank Studio"
"4077407","studio","Создаём танки с ботом !"
"4262017","studio","Tank Trouble"
"5686342","studio","Programmists Team"
"7106171","studio","Tank studio"
"7671754","studio","7th Grade Think Tank"
"8133270","studio","Follow this studio if you have legs."
"25074391","studio","TANK"
"25249502","studio","Can We Get 1000 Projects?"
"25280567","studio","Gamer Town"
"25873241","studio","USSR"
"34215536","studio","Войны"
"25283877","studio","Сможем набрать 50 000 проектов к 2021 году?"
"25926798","studio","что хотите то и делайте"
"25950173","studio","Студия скретчеров! (ляляля)"
"25969314","studio","смешные проекты"
"25986473","studio","Лучшие игры"
"26189996","studio","Лучшие мультики"
"186261","studio","free to add"
"31502869","studio","Добавляй всё! Add everything!"
"25871580","studio","Скретчики"
"27144359","studio","Добавляйте Все!!!!!!!!!!!!!!!!!!!!!!!!!!!!!!!!!!!!!!"
"33015343","studio","мои избранные проекты "
"7983130","studio","IDEK"
"26384357","studio","Scratch工作室"
"26520671","studio","ADD ANY THING( f4f) "
"27628493","studio","favorits"
"27695016","studio","CatNetworkNews"
"30801232","studio","3D Tunk Battle for two online"
"33925310","studio","Mind Blowing"
"36171862","studio","Fishy Studio"
"36717522","studio","Su 57 Prem kumar Air Force "
"6236657","studio","крч смесь всего"
"11920146","studio","わったんスタジオ"
"25417046","studio","крутые игры"
"27494292","studio","W̴͙̟̔͆͠h̸͇̞̻̒͑y̸̻̻͚͌͑͠?̵̢̟̝͐̿̀"
"4590962","studio","XXX | KriptosL Studio | Friends & Followers"
"5673172","studio","Can we get 300 cool people by 2021?!?!?!?!"
"5804237","studio","Друзья ❤"
"25091241","studio","Добавляйте что хотите. Yes!!!"
"25208021","studio","Всё что угодно может тут быть :D"
"25336592","studio","10 000 Scratch projects attempt"
"25351731","studio","Студия подписчиков и друзей"
"25363967","studio","Unicorns65_love's fan club!(Offical)"
"25354416","studio","мультяшная студия"
"25380628","studio","СТУДИЯ МЕМАСОВ"
"25837203","studio","война(танки, и другая военная техника)"
"30633409","studio","Add Every project On Scratch for fun"
"33700122","studio","Русские 3D-проекты"
"5342557","studio","3D проекты"
"25353283","studio","TIM "
"30128093","studio","сеть Scratch"
"30133447","studio","студия Анимацыи мультфильм"
"26279942","studio","Gang Of Cool Girls And Boys"
"26620044","studio","Game studio RAG-2"
"26713403","studio","Scratchers/Скретчеры"
"27127907","studio","мультики"
"26471342","studio","длд"
"28906186","studio","⭐ Official Fan club - @Supper_Alex_man"
"30611186","studio","Grassland || Platformer"
"30953719","studio","студия игр и другого"
"31018928","studio","Black Studio|Русское сообщество "
"31110745","studio","Транспорт и трогое 2023г."
"31152470","studio","New multiplayer game is out! Cursors.io"
"31401754","studio","все куратори))))"
"31902003","studio","студия для друзей"
"33010398","studio","мои и ваши игры"
"29215337","studio","Майнкрафтеры все сюда"
"31266392","studio","Русский Майнкрафт/Russia MINecraft"
"5292289","studio","проект ""Умная дорога"""
"5304412","studio","Studio Of Fnaf and  Anything ( ͡° ͜ʖ ͡°)"
"27801919","studio","Лицей 7 (4 класс) "
"27802700","studio","Лицей 7 (3 класс)"
"27852771","studio","началка_2кл"
"5036493","studio","СоюзЦЫПфильм"
"5002836","studio","CTiV Studio"
"5036094","studio","Untitled Studio"
"5022108","studio","VErika TEAM"
"5033647","studio","Конкурс Командный Код"
"4987728","studio","Программисты"
"5007015","studio","Odnockrachniki"
"5026859","studio","Untitled Studio"
"5097100","studio","ЧАТ СОНЯ, ОЛЯ, ВИКА"
"4996100","studio","Соня, Аня и Вика - Русский Язык"
"4999652","studio","Осел и соловей"
"4980766","studio","Молния юмора"
"5010028","studio","Соня&Ира"
"4526958","studio","Подготовка к турниру ""Шмель-2018"""
"5035755","studio","Untitled Studio"
"5035676","studio","Артем студио"
"4962570","studio","миша"
"4959549","studio","Экскурсия по Тольятти каб.15"
"5030938","studio","Untitled Studio"
"5033916","studio","Игра-каталог"
"5018416","studio","Untitled Studio"
"5518069","studio","Hightech_osvita_favorites"
"4868074","studio","HACK studio"
"438992","studio","POST ALL YOU GOT"
"4572776","studio","МОЙ ПРОЕКТ"
"5032891","studio","Friends"
"5022411","studio","Викторина"
"5016811","studio","Большой эксперимент"
"5018475","studio","mayaskr"
"5032410","studio","Maiami Inc"
"5057797","studio","Parkour Master"
"5007022","studio","Bad children"
"5032831","studio","Школа ""Сотрудничества"""
"4987817","studio","NEW Speed"
"4923008","studio","Pixel Knight TEAM"
"3666092","studio","The stickman portal adventure TSPA"
"3545750","studio","Алгоритмика"
"3584130","studio","ENGE"
"3584009","studio","Всякие там игры и проекты..."
"3534231","studio","Scratch Rocks"
"5010353","studio","Unnamenid"
"4965659","studio","WeAllBros"
"4985033","studio","КОНКУРС"
"5055472","studio","Untitled Studio"
"5051441","studio","Золотая Рыбка"
"4906016","studio","Код-класс Ноябрята"
"4984491","studio","поцаны"
"4959845","studio","My Studio"
"3728101","studio","Студия измерений!"
"4301320","studio","игровая студия"
"4590330","studio","Корпорация игр X Gamer Studio"
"5027027","studio","недооценённые проекты"
"5083355","studio","Студия для новичков и скретчеров"
"25604096","studio","Примеры олимпиадных проектов"
"25716524","studio","Scretch olimp 2019-21"
"5014520","studio","Моя Студия №1"
"3530020","studio","ГУО ""Гимназия№1 г. Орши"""
"5015857","studio","Графическая История Ланкл"
"4392569","studio","Алгоритмика348"
"4499991","studio","Студия Скретчеров СНГ"
"4586101","studio","tuleninov fan club"
"4844756","studio","Творчество без границ ! "
"4948409","studio","Просто студия"
"5046198","studio","5000"
"5501479","studio","Русская студия программирования"
"5770573","studio","Фан-клуб @FAV_Mus"
"5792587","studio"," всё о  драконов"
"5801047","studio","White_Lord and Friends"
"4537975","studio","Добавляем что хотим!!!!!!!!! "
"4783718","studio","~~~Hornet96 fun club~~~"
"4970960","studio","ВОТ ЭТО ПОВОРОТ"
"5043134","studio","Студия для студий и проектов!"
"5059315","studio","Фан - студия remigsa (ВВМ)"
"5515302","studio","The fun studio"
"5520998","studio","Fortnite2"
"5642961","studio","Beef Boss Fan club"
"5642968","studio","Calamity Studio"
"5806686","studio","100+ followers"
"4945381","studio","Русское коммьюнити Скретча(РКС)"
"4699014","studio","лучшие проекты"
"27707565","studio","Geometry dash"
"28852619","studio","J&G studio"
"5022349","studio","ClassicNastya"
"5022364","studio","Peterfireleft228"
"5067760","studio","Поиграйка"
"25146855","studio","Тесты."
"5019751","studio","Дисней!"
"4931838","studio","pro-Oshepkov"
"4918826","studio","SCRATCHMOB-21"
"3822758","studio","Юные мультипликаторы"
"4906120","studio","Admin's Team 2"
"33275810","studio","SCRATCH SCHOOL"
"4931791","studio"," typical studio"
"4970861","studio","prank"
"4931711","studio","pixel gan 3d"
"7829198","studio","IT - технологии в образовании. Хакатон 2019"
"5106250","studio","Анимация"
"4951216","studio","Строители"
"4951218","studio","Строители (Настя)"
"4931707","studio","Untitled Studio"
"4968525","studio","UMUSTPLAY"
"5721603","studio","Untitled Studio"
"4951242","studio","Космос"
"5106249","studio","новая анимация"
"5015622","studio","КомадныйКод Изучение Английских слов"
"5000064","studio","Collab Challenge Тверь: команда Л+А"
"1778005","studio","Таблица умножения"
"4929645","studio","Легенда об Искателе"
"4968806","studio","бла бла бла бла"
"4825860","studio","Runner IMC"
"35857187","studio","Архив скретчевской анимации и не только..."
"3959044","studio","Untitled Studio"
"1887946","studio","Undertale!"
"3778683","studio","Scratcher Team"
"25193896","studio","ТОП ИГРЫ(SCRATCH GAMES)"
"25933652","studio","клуб Феникса"
"26177411","studio","timatos studio"
"4987819","studio","New Speed"
"4947495","studio","торпеда 2"
"1320302","studio","Shaikhatarov's games"
"1475738","studio","cool and epic studio"
"4944543","studio","TheGameTeam"
"9940083","studio","Марсоход 12:00"
"4956226","studio","Сhildren of fortune "
"4956209","studio","Game Following"
"27549754","studio","""good"" projects"
"4977057","studio","victori"
"4951215","studio","мир"
"4373707","studio"," Studio элит"
"475523","studio","Build-a-Band"
"4999569","studio","Студия команды 11"
"26322475","studio","1 Прототипы игр | Game Prototypes"
"25334084","studio","Мои лучшие проекты"
"5872272","studio","Побег из лаборатории ЗЭЗ-735"
"5944332","studio","Серьезная игра про экологию"
"5920382","studio","Игра ""Преступление века"""
"5616633","studio","Идеи игровых меню | Game Menu Ideas"
"6013112","studio","Fine Arts Studio"
"5540176","studio","Инженерика-Группа 1-Студия класса"
"25703510","studio","КЛУБ ПРИНЦЕСС И ФЕЙ И РУСАЛОК."
"35445332","studio","принцессы"
"35461688","studio","Add anything!"
"25745681","studio","❄❄❄Холодное сердце1/2❄❄❄"
"5322379","studio","Cinemagraphs | Синемаграфия"
"5073390","studio","Стартовые проекты для Инженерики"
"5067517","studio","Работы на олимпиаду РОББО 2018"
"4941320","studio","Работы на конкурс Цифровой ветер 2018 | Инженерика"
"4947897","studio","1_Интерактивная песочница_группа_пятница"
"5830017","studio"," IT Квантум Череповец"
"4968587","studio","SMS - ScratchMakersStudio"
"4554763","studio","Start studio"
"4951643","studio","Путешествие В Двух Измерениях"
"33015669","studio","ЗВЁЗДНЫЕ ВОЙНЫ"
"4999699","studio","MAXIMUSLU"
"4962624","studio"," Помогатор госуслуг #КомандныйКод "
"4779964","studio","Untitled Studio"
"4295949","studio","Untitled Studio"
"4666235","studio","Untitled Studio"
"4968665","studio","HUCER"
"5037521","studio","Крутые игры"
"5922797","studio","Untitled Studio"
"4970865","studio","джейсаны"
"4949490","studio","команда профессионалов"
"4987711","studio","Еноты"
"4957117","studio","Смайлики"
"4906361","studio","roeb and krusуa"
"4562751","studio","ITUM"
"4926292","studio","ДимКа"
