"username","category_label","category_name","discipline","n_total_edits","n_total_pages","days_active","edit_frequency","first_active_date","last_active_date","edits_articles","pages_articles","avg_size_articles","edits_article_talk","pages_article_talk","avg_size_article_talk","edits_userpage","pages_userpage","avg_size_userpage","edits_user_talk","pages_user_talk","avg_size_user_talk","n_files_uploaded","n_unique_files","avg_file_size","file_types_list"
"Student_1","ОИ-241м","Category:ОИ-241м","История",79,4,8,9.88,2024-11-17,2024-12-22,58,2,4253,0,0,0,19,1,747,2,1,396,4,4,90851,"image"
"Student_2","ОИ-241м","Category:ОИ-241м","История",44,3,8,5.5,2024-11-17,2024-12-24,19,1,4598,0,0,0,22,1,469,3,1,240,3,3,79743,"image"
"Student_3","ОИ-241м","Category:ОИ-241м","История",66,3,3,22,2024-12-06,2024-12-27,49,1,8180,0,0,0,15,1,405,2,1,98,3,3,679083,"image"
"Student_4","ОИ-241м","Category:ОИ-241м","История",47,2,4,11.75,2024-12-01,2024-12-23,34,1,11165,0,0,0,13,1,880,0,0,0,4,4,161540,"image"
"Student_5","ОИ-241м","Category:ОИ-241м","История",78,4,9,8.67,2024-11-17,2024-12-23,57,1,6572,2,1,45,18,1,629,1,1,589,4,4,270656,"image"
"Student_6","ОИ-241м","Category:ОИ-241м","История",120,4,11,10.91,2024-11-18,2024-12-16,90,1,11161,2,1,45,25,1,372,3,1,154,4,4,122095,"image"
"Student_7","ОИ-241м","Category:ОИ-241м","История",91,4,10,9.1,2024-11-18,2024-12-23,68,2,7785,0,0,0,20,1,547,3,1,366,4,4,79432,"image"
"Student_8","ОИ-241м","Category:ОИ-241м","История",34,4,4,8.5,2024-12-09,2024-12-28,21,2,16933,0,0,0,12,1,499,1,1,155,3,3,908389,"image"
"Student_9","ОИ-241м","Category:ОИ-241м","История",137,4,13,10.54,2024-11-17,2024-12-20,94,2,6448,0,0,0,33,1,697,10,1,797,3,3,333766,"image"
"Student_10","ОИ-241м","Category:ОИ-241м","История",43,2,4,10.75,2024-11-17,2024-12-19,27,1,9245,0,0,0,16,1,221,0,0,0,4,4,443894,"image"
"Student_11","ОИ-241м","Category:ОИ-241м","История",102,4,13,7.85,2024-11-18,2024-12-23,64,2,6935,0,0,0,36,1,464,2,1,296,6,6,93265,"image"
"Student_12","ОИ-241м","Category:ОИ-241м","История",53,4,4,13.25,2024-11-24,2024-12-22,31,1,9634,0,0,0,21,2,1845,1,1,8,4,4,190253,"image"
"Student_13","ОИ-241м","Category:ОИ-241м","История",106,4,10,10.6,2024-11-18,2024-12-23,78,2,5547,0,0,0,25,1,364,3,1,77,5,5,81846,"image"
"Student_14","ОИ-241м","Category:ОИ-241м","История",122,3,7,17.43,2024-11-17,2024-12-27,88,1,9666,0,0,0,28,1,625,6,1,514,4,4,155977,"image"
"Student_15","ОИ-241м","Category:ОИ-241м","История",90,3,5,18,2024-11-18,2024-12-23,60,1,8824,0,0,0,29,1,361,1,1,78,6,6,359809,"image"
"Student_16","ОИ-241м","Category:ОИ-241м","История",74,4,7,10.57,2024-11-17,2024-12-15,53,1,8203,4,1,233,14,1,305,3,1,4323,6,6,114458,"image"
"Student_17","ОИ-241м","Category:ОИ-241м","История",96,4,9,10.67,2024-11-18,2024-12-23,70,2,11327,0,0,0,24,1,952,2,1,190,5,5,111015,"image"
"Student_18","ОИ-241м","Category:ОИ-241м","История",56,3,2,28,2024-11-17,2024-12-27,34,1,10459,0,0,0,21,1,487,1,1,81,6,6,519406,"image"
"Student_19","ОИ-241м","Category:ОИ-241м","История",68,4,5,13.6,2024-11-18,2024-12-24,48,2,16595,0,0,0,17,1,566,3,1,98,5,5,447435,"image"
"Student_20","ОИ-241м","Category:ОИ-241м","История",105,4,10,10.5,2024-11-18,2024-12-23,58,1,6209,2,1,45,40,1,858,5,1,768,9,9,493331,"image"
"Student_21","ОИ-241м","Category:ОИ-241м","История",113,3,9,12.56,2024-11-18,2024-12-21,87,1,8471,0,0,0,21,1,198,5,1,2923,5,5,466979,"image"
"Student_22","ОИ-241м","Category:ОИ-241м","История",9,1,0.5,18,2024-11-18,2024-11-18,0,0,0,0,0,0,9,1,92,0,0,0,2,2,216588,"image"
"Student_23","ОИ-241м","Category:ОИ-241м","История",60,4,7,8.57,2024-11-18,2024-12-27,17,1,9267,7,1,10421,18,1,677,18,1,8030,4,4,73357,"image"
"Student_24","ОИ-241м","Category:ОИ-241м","История",144,3,13,11.08,2024-11-17,2024-12-20,93,1,13430,0,0,0,46,1,847,5,1,712,4,4,76108,"image"
"Student_25","ОИ-241м","Category:ОИ-241м","История",154,4,13,11.85,2024-11-17,2024-12-22,127,1,14775,2,1,45,16,1,669,9,1,2730,7,7,125127,"image"
"Student_26","ОИ-241м","Category:ОИ-241м","История",110,3,5,22,2024-11-18,2024-12-27,55,1,8979,0,0,0,29,1,301,26,1,6205,7,7,129266,"image"
"Student_27","ОИ-241м","Category:ОИ-241м","История",72,4,7,10.29,2024-11-18,2024-12-23,54,1,7413,3,1,48,11,1,152,4,1,122,4,4,228394,"image"
"Student_28","ОИ-251м","Category:ОИ-251м","История",25,3,5,5,2025-11-24,2025-12-28,15,1,13646,0,0,0,7,1,707,3,1,78,2,2,1378810,"image"
"Student_29","ОИ-251м","Category:ОИ-251м","История",34,2,5,6.8,2025-11-25,2025-12-22,21,1,6362,0,0,0,13,1,590,0,0,0,3,3,59647,"image"
"Student_30","ОИ-251м","Category:ОИ-251м","История",80,3,5,16,2025-12-23,2025-12-28,75,1,8539,0,0,0,4,1,307,1,1,135,3,3,176478,"image"
"Student_31","ОИ-251м","Category:ОИ-251м","История",91,4,11,8.27,2025-11-14,2025-12-29,69,2,9944,0,0,0,19,1,337,3,1,141,7,7,824754,"image"
"Student_32","ОИ-251м","Category:ОИ-251м","История",67,3,6,11.17,2025-12-14,2025-12-29,47,1,11942,0,0,0,19,1,480,1,1,211,6,6,112754,"image"
"Student_33","ОИ-251м","Category:ОИ-251м","История",28,3,8,3.5,2025-11-16,2025-12-28,18,2,7378,0,0,0,10,1,587,0,0,0,3,3,315714,"image"
"Student_34","ОИ-251м","Category:ОИ-251м","История",125,3,15,8.33,2025-11-14,2025-12-29,112,1,11921,0,0,0,11,1,263,2,1,86,2,2,149450,"image"
"Student_35","ОИ-251м","Category:ОИ-251м","История",141,4,10,14.1,2025-11-14,2025-12-29,117,1,12513,0,0,0,21,2,757,3,1,196,7,7,136788,"image"
"Student_36","ОИ-251м","Category:ОИ-251м","История",29,3,5,5.8,2025-11-16,2025-12-28,17,1,4173,0,0,0,9,1,226,3,1,258,1,1,41603,"image"
"Student_38","ОИ-251м","Category:ОИ-251м","История",26,3,3,8.67,2025-12-19,2025-12-28,14,1,3344,0,0,0,11,1,873,1,1,63,2,2,58256,"image"
"Student_39","ОИ-251м","Category:ОИ-251м","История",70,5,7,10,2025-11-14,2025-12-29,46,3,5045,0,0,0,23,1,274,1,1,125,2,2,435132,"image"
"Student_40","ОИ-251м","Category:ОИ-251м","История",71,5,4,17.75,2025-11-15,2025-12-29,39,3,15243,0,0,0,19,1,1012,13,1,1331,5,5,270561,"image"
"Student_41","ОИ-251м","Category:ОИ-251м","История",46,3,9,5.11,2025-11-23,2025-12-29,39,1,11798,0,0,0,5,1,348,2,1,110,1,1,106243,"image"
"Student_43","ОИ-251м","Category:ОИ-251м","История",27,2,10,2.7,2025-11-28,2026-01-09,12,1,6109,0,0,0,15,1,627,0,0,0,4,4,314900,"image"
"Student_44","ОИ-251м","Category:ОИ-251м","История",52,4,8,6.5,2025-11-16,2025-12-27,39,1,6825,2,1,45,10,1,188,1,1,118,1,1,1106432,"image"
"Student_45","ОИ-251м","Category:ОИ-251м","История",38,2,2,19,2025-11-16,2025-12-29,32,1,18351,0,0,0,6,1,523,0,0,0,10,10,131693,"image"
"Student_46","ОИ-251м","Category:ОИ-251м","История",73,7,7,10.43,2025-11-16,2025-12-29,46,5,9307,0,0,0,20,1,402,7,1,186,3,3,54450,"image"
"Student_47","ОИ-251м","Category:ОИ-251м","История",15,2,4,3.75,2025-11-16,2025-12-28,5,1,8629,0,0,0,10,1,496,0,0,0,3,3,118288,"image"
"Student_48","ОИ-251м","Category:ОИ-251м","История",422,4,9,46.89,2025-11-16,2025-12-28,394,2,23849,0,0,0,26,1,1119,2,1,140,13,13,571107,"image"
"Student_49","ОИ-251м","Category:ОИ-251м","История",52,3,9,5.78,2025-11-16,2026-01-11,36,1,9599,0,0,0,15,1,405,1,1,132,7,7,818962,"image"
"Student_50","ОИ-251м","Category:ОИ-251м","История",30,3,5,6,2025-11-16,2025-12-28,15,1,8721,0,0,0,14,1,517,1,1,61,4,4,141557,"image"
"Student_51","ОИ-251м","Category:ОИ-251м","История",51,3,5,10.2,2025-11-16,2025-12-28,41,1,10220,0,0,0,8,1,603,2,1,761,5,5,155190,"image"
"Student_52","ОИ-251м","Category:ОИ-251м","История",18,4,4,4.5,2025-12-07,2025-12-23,9,2,3338,0,0,0,7,1,447,2,1,150,2,2,80076,"image"
"Student_53","ОИ-251м","Category:ОИ-251м","История",92,4,8,11.5,2025-11-16,2025-12-28,71,2,19842,0,0,0,15,1,436,6,1,88,5,5,322576,"image"
"Student_54","ОИ-251м","Category:ОИ-251м","История",121,3,10,12.1,2025-11-16,2025-12-28,108,1,13292,0,0,0,11,1,377,2,1,217,8,8,156037,"image"
"Student_55","ОИ-251м","Category:ОИ-251м","История",31,3,6,5.17,2025-11-16,2025-12-27,15,1,6494,0,0,0,15,1,362,1,1,94,3,3,386827,"image"
"Student_56","ОИ-251м","Category:ОИ-251м","История",35,4,5,7,2025-12-04,2025-12-28,28,1,11285,1,1,45,4,1,188,2,1,66,2,2,156308,"image"
"Student_57","ОИ-251м","Category:ОИ-251м","История",9,1,0.5,18,2025-11-16,2025-11-16,0,0,0,0,0,0,9,1,196,0,0,0,1,1,55461,"image"
"Student_58","ОИ-251м","Category:ОИ-251м","История",44,2,5,8.8,2025-11-16,2025-12-28,38,1,7945,0,0,0,6,1,373,0,0,0,10,10,1176095,"image"
"Student_59","ПОМ_ЛПС-24","Category:ПОМ_ЛПС-24","Филология",78,3,6,13,2024-10-04,2025-01-21,62,1,21652,0,0,0,14,1,410,2,1,114,8,8,224613,"image"
"Student_60","ПОМ_ЛПС-24","Category:ПОМ_ЛПС-24","Филология",27,5,2,13.5,2024-09-20,2024-10-04,12,2,1051,5,2,1273,10,1,110,0,0,0,7,7,297915,"image"
"Student_61","ПОМ_ЛПС-24","Category:ПОМ_ЛПС-24","Филология",130,3,15,8.67,2024-09-27,2025-01-21,112,1,11497,0,0,0,15,1,349,3,1,232,6,6,555238,"image"
"Student_62","ПОМ_ЛПС-24","Category:ПОМ_ЛПС-24","Филология",84,3,6,14,2024-09-27,2025-01-25,52,1,12583,0,0,0,28,1,313,4,1,89,5,5,166845,"image"
"Student_63","ПОМ_ЛПС-24","Category:ПОМ_ЛПС-24","Филология",149,4,8,18.62,2024-09-27,2025-01-05,106,2,13207,0,0,0,33,1,1085,10,1,1691,8,8,327643,"image"
"Student_64","ПОМ_ЛПС-24","Category:ПОМ_ЛПС-24","Филология",75,4,5,15,2024-11-15,2024-12-27,44,1,13078,21,1,10849,8,1,403,2,1,59,5,5,638565,"image"
"Student_65","ПОМ_ЛПС-24","Category:ПОМ_ЛПС-24","Филология",7,2,2,3.5,2025-04-03,2025-04-05,2,1,14288,0,0,0,5,1,1108,0,0,0,2,2,108635,"image"
"Student_66","ПОМ_ЛПС-24","Category:ПОМ_ЛПС-24","Филология",167,4,15,11.13,2024-10-04,2025-01-21,144,1,14010,3,1,938,15,1,233,5,1,382,7,7,602233,"image"
"Student_67","ПОМ_ЛПС-24","Category:ПОМ_ЛПС-24","Филология",51,4,7,7.29,2024-09-27,2025-01-22,32,2,8811,0,0,0,15,1,171,4,1,1134,4,4,503416,"image"
"Student_68","ПОМ_ЛПС-24","Category:ПОМ_ЛПС-24","Филология",65,3,11,5.91,2024-09-27,2024-12-23,47,1,7082,0,0,0,13,1,226,5,1,2585,4,4,136347,"image"
"Student_69","ПОМ_ЛПС-24","Category:ПОМ_ЛПС-24","Филология",53,3,4,13.25,2024-09-27,2024-12-29,36,1,5734,0,0,0,14,1,434,3,1,461,6,6,213966,"image"
"Student_70","ПОМ_ЛПС-24","Category:ПОМ_ЛПС-24","Филология",130,4,10,13,2024-09-27,2024-12-20,84,2,33531,0,0,0,42,1,642,4,1,209,6,6,452866,"image, pdf"
"Student_71","ПОМ_ЛПС-24","Category:ПОМ_ЛПС-24","Филология",94,4,10,9.4,2024-10-04,2024-12-20,79,1,14239,1,1,984,10,1,482,4,1,180,6,6,181194,"image"
"Student_72","ПОМ_ЛПС-24","Category:ПОМ_ЛПС-24","Филология",90,4,6,15,2024-09-20,2024-12-27,75,1,6073,1,1,70,13,1,453,1,1,185,9,9,217863,"image"
"Student_73","ПОМ_ЛПС-24","Category:ПОМ_ЛПС-24","Филология",138,4,15,9.2,2024-09-20,2024-12-13,101,1,10304,20,1,1915,15,1,374,2,1,161,4,4,171389,"image"
"Student_74","ПОМ_ЛПС-24","Category:ПОМ_ЛПС-24","Филология",94,3,11,8.55,2024-09-27,2025-01-21,68,1,9536,0,0,0,19,1,276,7,1,254,4,4,91858,"image"
"Student_75","ПОМ_ЛПС-24","Category:ПОМ_ЛПС-24","Филология",57,5,8,7.12,2024-09-20,2024-12-28,34,2,2810,1,1,97,19,1,495,3,1,112,4,4,114438,"image"
"Student_76","ПОМ_ЛПС-24","Category:ПОМ_ЛПС-24","Филология",88,4,11,8,2024-09-27,2024-12-28,62,1,13303,7,1,2993,12,1,290,7,1,272,5,5,154488,"image"
"Student_77","ПОМ_ЛПС-24","Category:ПОМ_ЛПС-24","Филология",53,6,6,8.83,2024-09-20,2025-01-21,39,2,10368,5,2,234,8,1,187,1,1,152,5,5,155788,"image"
"Student_78","ПОМ_ЛПС-24","Category:ПОМ_ЛПС-24","Филология",90,4,14,6.43,2024-09-20,2024-12-27,67,1,6420,7,1,540,15,1,415,1,1,190,4,4,82218,"image"
"Student_79","ПОМ_ЛПС-24","Category:ПОМ_ЛПС-24","Филология",57,3,8,7.12,2024-10-25,2025-01-21,46,1,26213,0,0,0,9,1,408,2,1,64,4,4,156083,"image"
"Student_80","ЛПЦ-251м","Category:ЛПЦ-251м","Филология",90,3,10,9,2025-10-05,2025-12-18,82,2,6418,0,0,0,8,1,620,0,0,0,4,4,1739737,"image"
"Student_81","ЛПЦ-251м","Category:ЛПЦ-251м","Филология",108,5,12,9,2025-09-12,2025-12-20,84,2,6531,2,1,6,21,1,328,1,1,104,4,4,115564,"image"
"Student_82","ЛПЦ-251м","Category:ЛПЦ-251м","Филология",170,3,17,10,2025-09-12,2026-01-09,148,1,6462,0,0,0,21,1,509,1,1,64,5,5,1796045,"image"
"Student_83","ЛПЦ-251м","Category:ЛПЦ-251м","Филология",123,4,13,9.46,2025-09-19,2025-12-15,108,2,9592,0,0,0,14,1,417,1,1,129,8,8,558312,"image"
"Student_84","ЛПЦ-251м","Category:ЛПЦ-251м","Филология",132,3,10,13.2,2025-09-12,2025-12-22,113,1,6588,0,0,0,18,1,364,1,1,111,6,6,263493,"image"
"Student_85","ЛПЦ-251м","Category:ЛПЦ-251м","Филология",75,4,6,12.5,2025-10-27,2026-01-10,66,2,8816,0,0,0,8,1,565,1,1,115,5,5,238344,"image"
"Student_86","ЛПЦ-251м","Category:ЛПЦ-251м","Филология",111,3,11,10.09,2025-09-12,2025-12-18,103,2,8795,0,0,0,8,1,114,0,0,0,9,9,569871,"image"
"Student_87","ЛПЦ-251м","Category:ЛПЦ-251м","Филология",34,3,5,6.8,2025-09-12,2025-12-19,21,1,4671,0,0,0,12,1,155,1,1,74,1,1,25467,"image"
"Student_88","ЛПЦ-251м","Category:ЛПЦ-251м","Филология",61,5,8,7.62,2025-09-12,2025-12-19,48,3,3035,0,0,0,12,1,400,1,1,143,3,3,1990445,"image"
"Student_89","ЛПЦ-251м","Category:ЛПЦ-251м","Филология",91,6,14,6.5,2025-09-12,2026-01-11,72,3,5561,3,2,183,16,1,317,0,0,0,1,1,11465,"image"
"Student_90","ЛПЦ-251м","Category:ЛПЦ-251м","Филология",35,3,4,8.75,2025-09-12,2025-10-06,8,1,189,0,0,0,25,1,138,2,1,80,1,1,159887,"image"
"Student_91","ЛПЦ-251м","Category:ЛПЦ-251м","Филология",96,2,7,13.71,2025-09-12,2025-12-18,80,1,5891,0,0,0,16,1,422,0,0,0,2,2,199912,"image"
"Student_92","ЛПЦ-251м","Category:ЛПЦ-251м","Филология",159,3,12,13.25,2025-09-12,2025-12-15,142,1,5959,0,0,0,16,1,574,1,1,154,3,3,104754,"image"
"Student_93","ЛПЦ-251м","Category:ЛПЦ-251м","Филология",63,5,6,10.5,2025-09-22,2025-12-26,49,3,4595,0,0,0,10,1,520,4,1,105,3,3,2769437,"image, pdf"
"Student_94","ЛПЦ-251м","Category:ЛПЦ-251м","Филология",46,2,6,7.67,2025-09-12,2025-12-18,36,1,5818,0,0,0,10,1,171,0,0,0,3,3,137046,"image"
"Student_95","ЛПЦ-251м","Category:ЛПЦ-251м","Филология",110,3,9,12.22,2025-09-12,2025-12-19,94,1,6463,0,0,0,14,1,319,2,1,76,3,3,288392,"image"
"Student_96","ЛПЦ-251м","Category:ЛПЦ-251м","Филология",39,3,8,4.88,2025-09-12,2025-12-18,18,1,579,0,0,0,16,1,391,5,1,157,1,1,1083644,"image"
"Student_97","ЛПЦ-251м","Category:ЛПЦ-251м","Филология",139,5,16,8.69,2025-09-12,2025-12-19,115,2,5784,3,1,97,20,1,763,1,1,139,2,2,105652,"image"
"Student_98","ЛПЦ-251м","Category:ЛПЦ-251м","Филология",174,3,15,11.6,2025-09-12,2026-01-10,157,1,11837,0,0,0,16,1,401,1,1,112,10,10,122950,"image"
"Student_99","ЛПЦ-251м","Category:ЛПЦ-251м","Филология",52,3,8,6.5,2025-09-12,2025-12-19,38,1,5284,0,0,0,13,1,422,1,1,83,2,2,219252,"image"
"Student_100","ЛПЦ-251м","Category:ЛПЦ-251м","Филология",125,5,10,12.5,2025-09-12,2025-12-15,98,3,5779,0,0,0,21,1,420,6,1,157,2,2,139121,"image"
"Student_101","ЛПЦ-251м","Category:ЛПЦ-251м","Филология",1,1,0.5,2,2024-10-25,2024-10-25,0,0,0,0,0,0,1,1,454,0,0,0,0,0,0,""
"Student_102","ЛПЦ-251м","Category:ЛПЦ-251м","Филология",146,2,9,16.22,2025-09-12,2026-01-09,115,1,3322,0,0,0,31,1,338,0,0,0,4,4,310338,"image, pdf"
"Student_103","ЛПЦ-251м","Category:ЛПЦ-251м","Филология",79,3,9,8.78,2025-09-12,2025-12-19,66,1,3321,0,0,0,12,1,417,1,1,103,4,4,123332,"image"
"Student_104","ЛПЦ-251м","Category:ЛПЦ-251м","Филология",131,6,11,11.91,2025-09-12,2025-12-16,111,2,8900,3,2,140,16,1,488,1,1,146,4,4,112153,"image"
"Student_105","АБП-231","Category:АБП-231","Экономика",2,1,0.5,4,2026-01-11,2026-01-11,0,0,0,0,0,0,2,1,268,0,0,0,0,0,0,""
"Student_106","АБП-231","Category:АБП-231","Экономика",22,5,5,4.4,2025-11-17,2025-12-26,9,1,10537,4,2,7032,9,2,402,0,0,0,7,7,76318,"image"
"Student_107","АБП-231","Category:АБП-231","Экономика",37,5,4,9.25,2025-09-05,2025-12-26,0,0,0,26,3,12379,11,2,651,0,0,0,5,5,78901,"image"
"Student_108","АБП-231","Category:АБП-231","Экономика",9,5,2,4.5,2025-09-05,2025-12-25,0,0,0,0,0,0,4,2,608,5,3,506,2,2,88113,"image"
"Student_109","АБП-231","Category:АБП-231","Экономика",41,8,11,3.73,2025-09-05,2025-12-26,4,3,1380,27,4,11727,10,1,715,0,0,0,12,12,107388,"image"
"Student_110","АБП-231","Category:АБП-231","Экономика",7,3,3,2.33,2025-12-26,2026-01-10,1,1,16623,0,0,0,4,1,15248,2,1,16625,6,6,108004,"image"
"Student_111","АБП-231","Category:АБП-231","Экономика",27,7,6,4.5,2025-09-05,2025-12-25,6,1,4159,12,2,9936,9,4,623,0,0,0,3,3,56943,"image"
"Student_112","АБП-231","Category:АБП-231","Экономика",25,6,7,3.57,2025-09-05,2025-12-12,0,0,0,15,4,13480,9,1,541,1,1,2150,9,9,126535,"image"
"Student_113","АБП-231","Category:АБП-231","Экономика",2,1,0.5,4,2025-09-17,2025-09-17,0,0,0,0,0,0,2,1,327,0,0,0,0,0,0,""
"Student_114","АБП-231","Category:АБП-231","Экономика",36,8,5,7.2,2025-09-05,2025-12-26,9,2,35738,20,4,21056,6,1,272,1,1,1718,10,10,72229,"image"
"Student_115","АБП-231","Category:АБП-231","Экономика",28,10,9,3.11,2025-09-05,2025-12-24,7,1,7745,8,5,9510,13,4,668,0,0,0,11,11,99568,"image"
"Student_116","АБП-231","Category:АБП-231","Экономика",5,2,0.5,10,2025-09-05,2025-09-05,2,1,52,0,0,0,3,1,487,0,0,0,0,0,0,""
"Student_117","АБП-231","Category:АБП-231","Экономика",16,6,4,4,2025-11-20,2026-01-10,5,2,11029,6,2,16096,5,2,4406,0,0,0,5,5,107904,"image"
"Student_118","АБП-231","Category:АБП-231","Экономика",58,10,7,8.29,2025-09-05,2025-12-26,23,4,3466,24,4,13034,11,2,501,0,0,0,13,13,75177,"image"
"Student_119","АБП-231","Category:АБП-231","Экономика",49,6,6,8.17,2025-12-06,2025-12-26,0,0,0,36,4,15846,12,1,854,1,1,4324,13,13,54423,"image"
"Student_120","АБП-231","Category:АБП-231","Экономика",29,8,4,7.25,2025-09-05,2025-12-26,5,3,1378,17,3,21641,5,1,762,2,1,5540,5,5,47775,"image"
"Student_121","АБП-231","Category:АБП-231","Экономика",18,4,4,4.5,2025-12-07,2025-12-26,15,1,10537,2,2,16748,1,1,2926,0,0,0,9,9,115625,"image"
"Student_122","АБП-231","Category:АБП-231","Экономика",23,6,8,2.88,2025-09-05,2025-12-26,3,1,1227,12,3,14495,8,2,909,0,0,0,8,8,58223,"image"
"Student_123","АБП-231","Category:АБП-231","Экономика",12,4,3,4,2025-09-05,2025-12-25,2,1,14672,0,0,0,5,2,395,5,1,707,2,2,50017,"image"
"Student_124","АБП-231","Category:АБП-231","Экономика",50,9,7,7.14,2025-09-05,2025-12-26,13,2,21092,21,4,14348,16,3,1505,0,0,0,9,9,103272,"image"
"Student_125","ППРК-241","Category:ППРК-241","Психолингвистика",17,3,5,3.4,2025-08-31,2025-12-23,0,0,0,1,1,5333,13,1,881,3,1,596,0,0,0,""
"Student_126","ППРК-241","Category:ППРК-241","Психолингвистика",10,5,3,3.33,2025-08-31,2025-12-29,0,0,0,3,2,5663,3,1,128,4,2,9582,1,1,280975,"pdf"
"Student_127","ППРК-241","Category:ППРК-241","Психолингвистика",20,4,0.5,40,2025-12-21,2025-12-21,2,2,13730,0,0,0,13,1,631,5,1,18475,0,0,0,""
"Student_128","ППРК-241","Category:ППРК-241","Психолингвистика",55,8,10,5.5,2025-08-31,2025-12-22,14,2,2327,12,1,1572,13,2,674,16,3,4403,1,1,88327,"image"
"Student_129","ППРК-241","Category:ППРК-241","Психолингвистика",47,6,9,5.22,2025-08-31,2025-12-28,31,3,2580,2,1,6562,8,1,351,6,1,1156,3,3,319578,"image"
"Student_130","ППРК-241","Category:ППРК-241","Психолингвистика",63,20,8,7.88,2025-08-31,2025-12-25,46,13,12075,0,0,0,9,5,187,8,2,5866,2,2,401656,"image"
"Student_131","ППРК-241","Category:ППРК-241","Психолингвистика",111,8,10,11.1,2025-08-31,2025-12-28,77,5,6300,17,1,474,8,1,766,9,1,714,2,2,682723,"image"
"Student_132","ППРК-241","Category:ППРК-241","Психолингвистика",11,5,4,2.75,2025-08-31,2025-12-23,8,4,6055,0,0,0,3,1,375,0,0,0,1,1,179774,"pdf"
"Student_133","ППРК-241","Category:ППРК-241","Психолингвистика",12,4,4,3,2025-08-31,2025-12-28,3,2,3555,0,0,0,4,1,430,5,1,43606,0,0,0,""
"Student_134","ППРК-241","Category:ППРК-241","Психолингвистика",20,7,2,10,2025-09-01,2025-11-10,12,4,1452,2,1,330,6,2,338,0,0,0,0,0,0,""
"Student_135","ППРК-241","Category:ППРК-241","Психолингвистика",44,8,4,11,2025-12-23,2025-12-28,39,6,7196,0,0,0,3,1,487,2,1,10324,0,0,0,""
"Student_136","ППРК-241","Category:ППРК-241","Психолингвистика",4,1,0.5,8,2025-12-26,2025-12-26,0,0,0,0,0,0,0,0,0,4,1,137228,0,0,0,""
"Student_137","ППРК-241","Category:ППРК-241","Психолингвистика",50,7,6,8.33,2025-11-04,2025-12-28,44,5,3227,0,0,0,4,1,496,2,1,230,2,2,3207621,"image"
"Student_138","ППРК-241","Category:ППРК-241","Психолингвистика",2,2,0.5,4,2025-12-28,2025-12-28,1,1,8711,0,0,0,1,1,574,0,0,0,0,0,0,""
"Student_139","ППРК-241","Category:ППРК-241","Психолингвистика",7,4,3,2.33,2025-08-31,2025-12-28,3,1,2145,1,1,547,2,1,550,1,1,420,0,0,0,""
"Student_140","ППРК-241","Category:ППРК-241","Психолингвистика",11,4,2,5.5,2025-08-31,2025-11-18,1,1,760,0,0,0,8,2,304,2,1,2326,0,0,0,""
"Student_141","СЦТО-231м","Category:СЦТО-231м","Технология_Образования",21,5,5,4.2,2024-03-19,2024-05-28,16,4,4615,0,0,0,5,1,378,0,0,0,0,0,0,""
"Student_142","СЦТО-231м","Category:СЦТО-231м","Технология_Образования",16,6,0.5,32,2024-03-19,2024-03-19,11,3,2464,0,0,0,2,1,1043,3,2,1661,0,0,0,""
"Student_144","СЦТО-231м","Category:СЦТО-231м","Технология_Образования",46,5,7,6.57,2024-03-19,2024-05-28,40,4,6110,0,0,0,6,1,574,0,0,0,0,0,0,""
"Student_145","СЦТО-231м","Category:СЦТО-231м","Технология_Образования",13,4,5,2.6,2024-03-19,2024-05-28,8,3,4737,0,0,0,5,1,299,0,0,0,0,0,0,""
"Student_146","СЦТО-231м","Category:СЦТО-231м","Технология_Образования",10,4,0.5,20,2024-03-19,2024-03-19,6,2,1669,0,0,0,3,1,141,1,1,101,0,0,0,""
"Student_147","СЦТО-231м","Category:СЦТО-231м","Технология_Образования",17,3,2,8.5,2024-03-21,2024-04-02,13,2,4382,0,0,0,4,1,217,0,0,0,0,0,0,""
"Student_148","СЦТО-231м","Category:СЦТО-231м","Технология_Образования",8,5,0.5,16,2024-06-25,2024-06-25,6,4,6569,0,0,0,2,1,514,0,0,0,0,0,0,""
"Student_149","СЦТО-231м","Category:СЦТО-231м","Технология_Образования",14,5,3,4.67,2024-03-19,2024-06-25,11,4,5652,0,0,0,3,1,344,0,0,0,0,0,0,""
"Student_150","СЦТО-231м","Category:СЦТО-231м","Технология_Образования",16,8,4,4,2024-03-19,2024-06-25,12,6,11177,0,0,0,3,1,331,1,1,29,0,0,0,""
"Student_151","СЦТО-231м","Category:СЦТО-231м","Технология_Образования",69,7,4,17.25,2024-03-19,2024-05-26,62,5,4253,0,0,0,6,1,555,1,1,200,0,0,0,""
"Student_152","СЦТО-231м","Category:СЦТО-231м","Технология_Образования",28,6,5,5.6,2024-03-24,2024-05-24,23,4,7893,0,0,0,3,1,779,2,1,57,0,0,0,""
"Student_153","СЦТО-231м","Category:СЦТО-231м","Технология_Образования",22,6,4,5.5,2024-03-19,2024-06-25,17,4,4956,0,0,0,4,1,394,1,1,25,0,0,0,""
"Student_154","СЦТО-231м","Category:СЦТО-231м","Технология_Образования",26,7,7,3.71,2024-03-19,2024-06-25,22,6,6120,0,0,0,4,1,316,0,0,0,0,0,0,""
"Student_155","СЦТО-231м","Category:СЦТО-231м","Технология_Образования",25,6,4,6.25,2024-03-19,2024-05-28,19,4,8921,0,0,0,5,1,346,1,1,73,0,0,0,""
"Student_156","СЦТО-231м","Category:СЦТО-231м","Технология_Образования",3,2,0.5,6,2024-03-19,2024-03-19,0,0,0,0,0,0,2,1,305,1,1,56,0,0,0,""
"Student_157","СЦТО-241м","Category:СЦТО-241м","Технология_Образования",74,10,5,14.8,2025-10-03,2025-12-05,63,7,2991,2,2,554,9,1,980,0,0,0,1,1,71038,"image"
"Student_158","СЦТО-241м","Category:СЦТО-241м","Технология_Образования",94,6,2,47,2025-11-28,2025-12-05,79,5,2208,0,0,0,15,1,771,0,0,0,0,0,0,""
"Student_159","СЦТО-241м","Category:СЦТО-241м","Технология_Образования",90,12,5,18,2025-10-03,2025-12-05,70,8,3402,3,2,736,9,1,905,8,1,1366,0,0,0,""
"Student_160","СЦТО-241м","Category:СЦТО-241м","Технология_Образования",43,8,3,14.33,2025-12-03,2025-12-05,35,5,1796,2,1,439,4,1,1630,2,1,397,0,0,0,""
"Student_161","СЦТО-241м","Category:СЦТО-241м","Технология_Образования",50,9,6,8.33,2025-10-03,2025-12-05,35,5,3499,5,2,651,6,1,635,4,1,392,1,1,174288,"image"
"Student_162","СЦТО-241м","Category:СЦТО-241м","Технология_Образования",16,4,0.5,32,2025-12-19,2025-12-19,7,2,5119,3,1,3395,6,1,1121,0,0,0,0,0,0,""
"Student_163","СЦТО-241м","Category:СЦТО-241м","Технология_Образования",40,9,6,6.67,2025-10-03,2025-12-06,26,4,2076,3,2,1066,8,1,1339,3,2,346,1,1,31657,"image"
"Student_164","СЦТО-241м","Category:СЦТО-241м","Технология_Образования",22,4,2,11,2025-11-28,2025-12-05,5,3,3032,0,0,0,17,1,717,0,0,0,0,0,0,""
"Student_165","СЦТО-241м","Category:СЦТО-241м","Технология_Образования",6,2,2,3,2025-12-24,2026-01-07,1,1,4015,0,0,0,5,1,991,0,0,0,0,0,0,""
"Student_166","СЦТО-241м","Category:СЦТО-241м","Технология_Образования",70,6,6,11.67,2025-10-03,2025-12-05,45,3,1795,1,1,752,22,1,1605,2,1,202,1,1,127623,"image"
"Student_167","СЦТО-241м","Category:СЦТО-241м","Технология_Образования",23,7,5,4.6,2025-10-03,2025-11-28,12,4,2069,2,1,896,5,1,559,4,1,390,1,1,389674,"image"
"Student_168","СЦТО-241м","Category:СЦТО-241м","Технология_Образования",0,0,0,0,NA,NA,0,0,0,0,0,0,0,0,0,0,0,0,0,0,0,""
"Student_169","СЦТО-241м","Category:СЦТО-241м","Технология_Образования",30,7,6,5,2025-10-14,2025-12-06,12,4,3113,1,1,169,10,1,592,7,1,414,0,0,0,""
"Student_170","СЦТО-241м","Category:СЦТО-241м","Технология_Образования",45,12,5,9,2025-10-03,2025-12-05,33,8,2775,3,2,596,7,1,859,2,1,452,0,0,0,""
"Student_171","СЦТО-241м","Category:СЦТО-241м","Технология_Образования",9,4,0.5,18,2025-12-04,2025-12-04,7,3,1661,0,0,0,2,1,254,0,0,0,0,0,0,""
"Student_172","СЦТО-241м","Category:СЦТО-241м","Технология_Образования",10,6,0.5,20,2025-12-13,2025-12-13,5,4,5379,1,1,3151,4,1,972,0,0,0,0,0,0,""
"Student_173","СЦТО-241м","Category:СЦТО-241м","Технология_Образования",25,10,4,6.25,2025-10-03,2025-11-07,19,8,2521,2,1,620,4,1,1208,0,0,0,0,0,0,""
"Student_174","СЦТО-241м","Category:СЦТО-241м","Технология_Образования",0,0,0,0,NA,NA,0,0,0,0,0,0,0,0,0,0,0,0,0,0,0,""
"Student_175","СЦТО-241м","Category:СЦТО-241м","Технология_Образования",15,6,2,7.5,2025-12-04,2025-12-05,4,3,5979,2,2,810,9,1,849,0,0,0,0,0,0,""
"Student_176","СЦТО-241м","Category:СЦТО-241м","Технология_Образования",47,7,2,23.5,2025-12-04,2025-12-05,36,3,1004,2,2,838,8,1,391,1,1,0,0,0,0,""
"Student_177","СЦТО-241м","Category:СЦТО-241м","Технология_Образования",48,8,4,12,2025-10-03,2025-12-05,40,6,1710,1,1,103,7,1,1194,0,0,0,0,0,0,""
