"BehaviorSpace results (NetLogo 7.0.0)","Table version 2.0"
"Wealth Distribution.nlogox"
"experiment_07_12"
"12/07/2025 18:43:02:195 +0300"
"min-pxcor","max-pxcor","min-pycor","max-pycor"
"-25","25","-25","25"
"[run number]","num-grain-grown","percent-best-land","metabolism-max","max-vision","num-people","grain-growth-interval","life-expectancy-min","life-expectancy-max","[step]","ticks","count turtles","gini-index-reserve / num-people"
"3","5","5","10","4","300","3","30","80","500","500","300","0.23965301176331522"
"2","5","5","10","4","300","2","30","80","500","500","300","0.23028775516583844"
"4","5","5","10","4","300","4","30","80","500","500","300","0.21069124767225333"
"5","5","5","10","4","300","5","30","80","500","500","300","0.19276968894771673"
"7","5","5","10","4","300","7","30","80","500","500","300","0.19736592815991955"
"6","5","5","10","4","300","6","30","80","500","500","300","0.19847598433312708"
"9","5","5","10","4","300","9","30","80","500","500","300","0.19329014630706873"
"8","5","5","10","4","300","8","30","80","500","500","300","0.20696726900784193"
"10","5","5","10","4","300","10","30","80","500","500","300","0.2134669791923678"
"11","5","5","10","6","300","1","30","80","500","500","300","0.22350894785560052"
"12","5","5","10","6","300","2","30","80","500","500","300","0.21835473263916094"
"13","5","5","10","6","300","3","30","80","500","500","300","0.21311206281227707"
"14","5","5","10","6","300","4","30","80","500","500","300","0.21384804173960803"
"15","5","5","10","6","300","5","30","80","500","500","300","0.2031848790939701"
"1","5","5","10","4","300","1","30","80","500","500","300","0.23263546377677286"
"16","5","5","10","6","300","6","30","80","500","500","300","0.2013461474785604"
"17","5","5","10","6","300","7","30","80","500","500","300","0.2037007099478232"
"18","5","5","10","6","300","8","30","80","500","500","300","0.19581416239428595"
"19","5","5","10","6","300","9","30","80","500","500","300","0.19909888533274472"
"20","5","5","10","6","300","10","30","80","500","500","300","0.2125786699107868"
"21","5","5","10","8","300","1","30","80","500","500","300","0.2749551361763344"
"22","5","5","10","8","300","2","30","80","500","500","300","0.22925985261134268"
"23","5","5","10","8","300","3","30","80","500","500","300","0.21809784411276964"
"24","5","5","10","8","300","4","30","80","500","500","300","0.21417536231884057"
"25","5","5","10","8","300","5","30","80","500","500","300","0.19862306785887557"
"26","5","5","10","8","300","6","30","80","500","500","300","0.21568022995628075"
"27","5","5","10","8","300","7","30","80","500","500","300","0.19515814064933507"
"28","5","5","10","8","300","8","30","80","500","500","300","0.19686566107216202"
"29","5","5","10","8","300","9","30","80","500","500","300","0.19339813711686354"
"30","5","5","10","8","300","10","30","80","500","500","300","0.20509180437322658"
"31","5","5","10","10","300","1","30","80","500","500","300","0.24624489146660802"
"32","5","5","10","10","300","2","30","80","500","500","300","0.2269296987087518"
"33","5","5","10","10","300","3","30","80","500","500","300","0.2127036100575923"
"34","5","5","10","10","300","4","30","80","500","500","300","0.2111777180406215"
"35","5","5","10","10","300","5","30","80","500","500","300","0.214204076367389"
"36","5","5","10","10","300","6","30","80","500","500","300","0.1960103376468838"
"37","5","5","10","10","300","7","30","80","500","500","300","0.19444900605012974"
"38","5","5","10","10","300","8","30","80","500","500","300","0.2194964193741843"
"39","5","5","10","10","300","9","30","80","500","500","300","0.1948880338748421"
"40","5","5","10","10","300","10","30","80","500","500","300","0.20065929186455073"
"41","5","5","10","12","300","1","30","80","500","500","300","0.23620232237236077"
"42","5","5","10","12","300","2","30","80","500","500","300","0.21347862106486626"
"43","5","5","10","12","300","3","30","80","500","500","300","0.22076457977422714"
"44","5","5","10","12","300","4","30","80","500","500","300","0.22298030791263856"
"45","5","5","10","12","300","5","30","80","500","500","300","0.20028268200753813"
"46","5","5","10","12","300","6","30","80","500","500","300","0.20143481415520603"
"47","5","5","10","12","300","7","30","80","500","500","300","0.2068551554527767"
"48","5","5","10","12","300","8","30","80","500","500","300","0.19217162642710078"
"49","5","5","10","12","300","9","30","80","500","500","300","0.19199077458659708"
"50","5","5","10","12","300","10","30","80","500","500","300","0.18421419518377694"
"51","5","5","10","14","300","1","30","80","500","500","300","0.24134963470019088"
"52","5","5","10","14","300","2","30","80","500","500","300","0.2222656595838868"
"53","5","5","10","14","300","3","30","80","500","500","300","0.20440077486009456"
"54","5","5","10","14","300","4","30","80","500","500","300","0.1991412842827004"
"55","5","5","10","14","300","5","30","80","500","500","300","0.19970400955128847"
"56","5","5","10","14","300","6","30","80","500","500","300","0.20229882786777295"
"57","5","5","10","14","300","7","30","80","500","500","300","0.19694427072475856"
"58","5","5","10","14","300","8","30","80","500","500","300","0.20256796222077225"
"59","5","5","10","14","300","9","30","80","500","500","300","0.20260447300584541"
"62","5","5","15","4","300","2","30","80","500","500","300","0.20958927489073928"
"61","5","5","15","4","300","1","30","80","500","500","300","0.2136448692442986"
"60","5","5","10","14","300","10","30","80","500","500","300","0.18070554272517314"
"63","5","5","15","4","300","3","30","80","500","500","300","0.2111051701839057"
"64","5","5","15","4","300","4","30","80","500","500","300","0.23513373342224228"
"65","5","5","15","4","300","5","30","80","500","500","300","0.1970987366375122"
"67","5","5","15","4","300","7","30","80","500","500","300","0.20758128193218758"
"66","5","5","15","4","300","6","30","80","500","500","300","0.21276861652739076"
"68","5","5","15","4","300","8","30","80","500","500","300","0.20139206534422416"
"70","5","5","15","4","300","10","30","80","500","500","300","0.19394165822357326"
"69","5","5","15","4","300","9","30","80","500","500","300","0.20508529276164147"
"71","5","5","15","6","300","1","30","80","500","500","300","0.22615361574668388"
"72","5","5","15","6","300","2","30","80","500","500","300","0.20272427116262734"
"73","5","5","15","6","300","3","30","80","500","500","300","0.19384945186150013"
"74","5","5","15","6","300","4","30","80","500","500","300","0.1985921845473669"
"75","5","5","15","6","300","5","30","80","500","500","300","0.22331075579243495"
"76","5","5","15","6","300","6","30","80","500","500","300","0.21154223968565825"
"77","5","5","15","6","300","7","30","80","500","500","300","0.20836843886139672"
"78","5","5","15","6","300","8","30","80","500","500","300","0.20262955776538125"
"79","5","5","15","6","300","9","30","80","500","500","300","0.2007193684678674"
"80","5","5","15","6","300","10","30","80","500","500","300","0.17621103533310215"
"81","5","5","15","8","300","1","30","80","500","500","300","0.22634062969435012"
"82","5","5","15","8","300","2","30","80","500","500","300","0.20439017556966743"
"83","5","5","15","8","300","3","30","80","500","500","300","0.21483572310321927"
"84","5","5","15","8","300","4","30","80","500","500","300","0.2133644986449864"
"85","5","5","15","8","300","5","30","80","500","500","300","0.19670455365519238"
"86","5","5","15","8","300","6","30","80","500","500","300","0.20197869845612673"
"87","5","5","15","8","300","7","30","80","500","500","300","0.20313590130332226"
"88","5","5","15","8","300","8","30","80","500","500","300","0.21176851311953362"
"89","5","5","15","8","300","9","30","80","500","500","300","0.2016098243827947"
"90","5","5","15","8","300","10","30","80","500","500","300","0.20037336854594875"
"91","5","5","15","10","300","1","30","80","500","500","300","0.24390487483530965"
"92","5","5","15","10","300","2","30","80","500","500","300","0.2281984884321562"
"93","5","5","15","10","300","3","30","80","500","500","300","0.21524655695611566"
"94","5","5","15","10","300","4","30","80","500","500","300","0.20295662666534417"
"95","5","5","15","10","300","5","30","80","500","500","300","0.18888822093489271"
"96","5","5","15","10","300","6","30","80","500","500","300","0.19785625838406767"
"97","5","5","15","10","300","7","30","80","500","500","300","0.1996948616018846"
"98","5","5","15","10","300","8","30","80","500","500","300","0.21422911283376397"
"99","5","5","15","10","300","9","30","80","500","500","300","0.202819633375964"
"100","5","5","15","10","300","10","30","80","500","500","300","0.19940272177419344"
"102","5","5","15","12","300","2","30","80","500","500","300","0.21817088251826855"
"101","5","5","15","12","300","1","30","80","500","500","300","0.2258271615447917"
"103","5","5","15","12","300","3","30","80","500","500","300","0.2131638044914134"
"104","5","5","15","12","300","4","30","80","500","500","300","0.20738373121131753"
"105","5","5","15","12","300","5","30","80","500","500","300","0.20902098928518992"
"106","5","5","15","12","300","6","30","80","500","500","300","0.2033121520848648"
"107","5","5","15","12","300","7","30","80","500","500","300","0.20275888657568059"
"108","5","5","15","12","300","8","30","80","500","500","300","0.20167094815506775"
"109","5","5","15","12","300","9","30","80","500","500","300","0.19620103053724336"
"110","5","5","15","12","300","10","30","80","500","500","300","0.19889591046427513"
"111","5","5","15","14","300","1","30","80","500","500","300","0.23830844691379469"
"112","5","5","15","14","300","2","30","80","500","500","300","0.20867444037126598"
"113","5","5","15","14","300","3","30","80","500","500","300","0.21693604568165598"
"114","5","5","15","14","300","4","30","80","500","500","300","0.21825578509833113"
"115","5","5","15","14","300","5","30","80","500","500","300","0.19682078853046603"
"116","5","5","15","14","300","6","30","80","500","500","300","0.20424511835933237"
"118","5","5","15","14","300","8","30","80","500","500","300","0.18818330540260153"
"117","5","5","15","14","300","7","30","80","500","500","300","0.18399833115658104"
"119","5","5","15","14","300","9","30","80","500","500","300","0.18304086845466172"
"121","5","10","10","4","300","1","30","80","500","500","300","0.2511574020792573"
"120","5","5","15","14","300","10","30","80","500","500","300","0.19630127521812948"
"122","5","10","10","4","300","2","30","80","500","500","300","0.23300892925576766"
"123","5","10","10","4","300","3","30","80","500","500","300","0.23656648121270782"
"124","5","10","10","4","300","4","30","80","500","500","300","0.24000326797385663"
"125","5","10","10","4","300","5","30","80","500","500","300","0.22674260249554373"
"127","5","10","10","4","300","7","30","80","500","500","300","0.2290040770213184"
"126","5","10","10","4","300","6","30","80","500","500","300","0.22067266993111465"
"128","5","10","10","4","300","8","30","80","500","500","300","0.2216496950868716"
"129","5","10","10","4","300","9","30","80","500","500","300","0.22057090862241124"
"130","5","10","10","4","300","10","30","80","500","500","300","0.19620090909090912"
"131","5","10","10","6","300","1","30","80","500","500","300","0.22388161544435828"
"133","5","10","10","6","300","3","30","80","500","500","300","0.22345395560176357"
"132","5","10","10","6","300","2","30","80","500","500","300","0.22927867628763404"
"134","5","10","10","6","300","4","30","80","500","500","300","0.2321265817463322"
"135","5","10","10","6","300","5","30","80","500","500","300","0.22505703914959818"
"136","5","10","10","6","300","6","30","80","500","500","300","0.23246743470576708"
"137","5","10","10","6","300","7","30","80","500","500","300","0.22134670929026115"
"139","5","10","10","6","300","9","30","80","500","500","300","0.20695062618253895"
"138","5","10","10","6","300","8","30","80","500","500","300","0.20606424261754774"
"140","5","10","10","6","300","10","30","80","500","500","300","0.2318182273410115"
"142","5","10","10","8","300","2","30","80","500","500","300","0.2350107598503871"
"141","5","10","10","8","300","1","30","80","500","500","300","0.22994761788019924"
"143","5","10","10","8","300","3","30","80","500","500","300","0.2295290952826899"
"144","5","10","10","8","300","4","30","80","500","500","300","0.22113580011443826"
"145","5","10","10","8","300","5","30","80","500","500","300","0.22800088566305945"
"146","5","10","10","8","300","6","30","80","500","500","300","0.21553612269608513"
"147","5","10","10","8","300","7","30","80","500","500","300","0.23445564326661028"
"148","5","10","10","8","300","8","30","80","500","500","300","0.2179604802670543"
"149","5","10","10","8","300","9","30","80","500","500","300","0.21047147628590512"
"150","5","10","10","8","300","10","30","80","500","500","300","0.21895890915791397"
"152","5","10","10","10","300","2","30","80","500","500","300","0.22825610651011638"
"151","5","10","10","10","300","1","30","80","500","500","300","0.2425604730704249"
"153","5","10","10","10","300","3","30","80","500","500","300","0.23086471367293313"
"154","5","10","10","10","300","4","30","80","500","500","300","0.21616108786610905"
"155","5","10","10","10","300","5","30","80","500","500","300","0.22963109439834029"
"156","5","10","10","10","300","6","30","80","500","500","300","0.21485956779603257"
"157","5","10","10","10","300","7","30","80","500","500","300","0.21142810989635843"
"158","5","10","10","10","300","8","30","80","500","500","300","0.22415820773095463"
"159","5","10","10","10","300","9","30","80","500","500","300","0.2100996578908227"
"160","5","10","10","10","300","10","30","80","500","500","300","0.22308721190065758"
"161","5","10","10","12","300","1","30","80","500","500","300","0.23079554091715257"
"162","5","10","10","12","300","2","30","80","500","500","300","0.22296704016774788"
"163","5","10","10","12","300","3","30","80","500","500","300","0.21418391695997138"
"164","5","10","10","12","300","4","30","80","500","500","300","0.2362544802867384"
"166","5","10","10","12","300","6","30","80","500","500","300","0.22921483687559208"
"165","5","10","10","12","300","5","30","80","500","500","300","0.22551746142243895"
"167","5","10","10","12","300","7","30","80","500","500","300","0.21758697614442293"
"168","5","10","10","12","300","8","30","80","500","500","300","0.19402668517661587"
"169","5","10","10","12","300","9","30","80","500","500","300","0.20802545691906013"
"170","5","10","10","12","300","10","30","80","500","500","300","0.20166135184143077"
"172","5","10","10","14","300","2","30","80","500","500","300","0.2342116506638491"
"171","5","10","10","14","300","1","30","80","500","500","300","0.22576284440546668"
"173","5","10","10","14","300","3","30","80","500","500","300","0.22452088475594606"
"175","5","10","10","14","300","5","30","80","500","500","300","0.22612860892388464"
"174","5","10","10","14","300","4","30","80","500","500","300","0.22040882591690653"
"176","5","10","10","14","300","6","30","80","500","500","300","0.21160605164596888"
"177","5","10","10","14","300","7","30","80","500","500","300","0.21047707651086636"
"178","5","10","10","14","300","8","30","80","500","500","300","0.2081567738900033"
"179","5","10","10","14","300","9","30","80","500","500","300","0.19713894894173542"
"181","5","10","15","4","300","1","30","80","500","500","300","0.2549141964042209"
"180","5","10","10","14","300","10","30","80","500","500","300","0.2198908985314858"
"182","5","10","15","4","300","2","30","80","500","500","300","0.26032239359851556"
"183","5","10","15","4","300","3","30","80","500","500","300","0.2261127029608405"
"184","5","10","15","4","300","4","30","80","500","500","300","0.2294020815355248"
"185","5","10","15","4","300","5","30","80","500","500","300","0.23190815324165034"
"186","5","10","15","4","300","6","30","80","500","500","300","0.20689131497055271"
"187","5","10","15","4","300","7","30","80","500","500","300","0.22946533743988756"
"188","5","10","15","4","300","8","30","80","500","500","300","0.22874964185433488"
"189","5","10","15","4","300","9","30","80","500","500","300","0.22157651836810052"
"190","5","10","15","4","300","10","30","80","500","500","300","0.22955481124834298"
"191","5","10","15","6","300","1","30","80","500","500","300","0.2454857104777138"
"193","5","10","15","6","300","3","30","80","500","500","300","0.2408959097376701"
"192","5","10","15","6","300","2","30","80","500","500","300","0.23927495401297322"
"194","5","10","15","6","300","4","30","80","500","500","300","0.2228454228401563"
"195","5","10","15","6","300","5","30","80","500","500","300","0.23305802549459045"
"196","5","10","15","6","300","6","30","80","500","500","300","0.22796529382086628"
"197","5","10","15","6","300","7","30","80","500","500","300","0.22266289198606287"
"198","5","10","15","6","300","8","30","80","500","500","300","0.21311409832358014"
"199","5","10","15","6","300","9","30","80","500","500","300","0.19783857880891267"
"200","5","10","15","6","300","10","30","80","500","500","300","0.2169066062094591"
"201","5","10","15","8","300","1","30","80","500","500","300","0.2478925030670779"
"202","5","10","15","8","300","2","30","80","500","500","300","0.2425920273265745"
"203","5","10","15","8","300","3","30","80","500","500","300","0.23636722086486714"
"204","5","10","15","8","300","4","30","80","500","500","300","0.2347071310354752"
"205","5","10","15","8","300","5","30","80","500","500","300","0.21863666982422908"
"206","5","10","15","8","300","6","30","80","500","500","300","0.2346607151568371"
"207","5","10","15","8","300","7","30","80","500","500","300","0.20823076109657118"
"208","5","10","15","8","300","8","30","80","500","500","300","0.1948408232173005"
"209","5","10","15","8","300","9","30","80","500","500","300","0.2009003582900915"
"210","5","10","15","8","300","10","30","80","500","500","300","0.20129883232443516"
"211","5","10","15","10","300","1","30","80","500","500","300","0.25929434139130747"
"212","5","10","15","10","300","2","30","80","500","500","300","0.2330322321003915"
"213","5","10","15","10","300","3","30","80","500","500","300","0.23581809184481395"
"214","5","10","15","10","300","4","30","80","500","500","300","0.22919050100983787"
"215","5","10","15","10","300","5","30","80","500","500","300","0.24134595831215067"
"216","5","10","15","10","300","6","30","80","500","500","300","0.23081313517142402"
"217","5","10","15","10","300","7","30","80","500","500","300","0.2054935126960121"
"218","5","10","15","10","300","8","30","80","500","500","300","0.21057903634826716"
"219","5","10","15","10","300","9","30","80","500","500","300","0.210549202719014"
"220","5","10","15","10","300","10","30","80","500","500","300","0.21242996427259678"
"221","5","10","15","12","300","1","30","80","500","500","300","0.24591379785183154"
"222","5","10","15","12","300","2","30","80","500","500","300","0.22768179328137994"
"223","5","10","15","12","300","3","30","80","500","500","300","0.23449749802475642"
"224","5","10","15","12","300","4","30","80","500","500","300","0.24189506868762792"
"225","5","10","15","12","300","5","30","80","500","500","300","0.2240743732003653"
"226","5","10","15","12","300","6","30","80","500","500","300","0.22542406022388425"
"227","5","10","15","12","300","7","30","80","500","500","300","0.21017918704401506"
"228","5","10","15","12","300","8","30","80","500","500","300","0.21058342893562784"
"229","5","10","15","12","300","9","30","80","500","500","300","0.22765620809868595"
"230","5","10","15","12","300","10","30","80","500","500","300","0.22308222901800903"
"231","5","10","15","14","300","1","30","80","500","500","300","0.23414411725693057"
"232","5","10","15","14","300","2","30","80","500","500","300","0.2375825546979281"
"233","5","10","15","14","300","3","30","80","500","500","300","0.2183603543987355"
"234","5","10","15","14","300","4","30","80","500","500","300","0.2089737383115592"
"235","5","10","15","14","300","5","30","80","500","500","300","0.22653405604418086"
"236","5","10","15","14","300","6","30","80","500","500","300","0.2136216006216007"
"237","5","10","15","14","300","7","30","80","500","500","300","0.21583455910815194"
"238","5","10","15","14","300","8","30","80","500","500","300","0.20417693674795356"
"239","5","10","15","14","300","9","30","80","500","500","300","0.2120976058931862"
"240","5","10","15","14","300","10","30","80","500","500","300","0.21130418571474877"
"241","5","15","10","4","300","1","30","80","500","500","300","0.24626580645161303"
"242","5","15","10","4","300","2","30","80","500","500","300","0.2550096018243467"
"243","5","15","10","4","300","3","30","80","500","500","300","0.23280357142857155"
"244","5","15","10","4","300","4","30","80","500","500","300","0.24780102300165208"
"245","5","15","10","4","300","5","30","80","500","500","300","0.2486827012810723"
"246","5","15","10","4","300","6","30","80","500","500","300","0.24870998762258414"
"247","5","15","10","4","300","7","30","80","500","500","300","0.23579760717846468"
"248","5","15","10","4","300","8","30","80","500","500","300","0.22650926322808004"
"249","5","15","10","4","300","9","30","80","500","500","300","0.22651283558690982"
"250","5","15","10","4","300","10","30","80","500","500","300","0.2325591366055591"
"251","5","15","10","6","300","1","30","80","500","500","300","0.23840162985599841"
"252","5","15","10","6","300","2","30","80","500","500","300","0.22676523971580403"
"253","5","15","10","6","300","3","30","80","500","500","300","0.24098843426941827"
"254","5","15","10","6","300","4","30","80","500","500","300","0.24043374207959156"
"255","5","15","10","6","300","5","30","80","500","500","300","0.23006909049722504"
"256","5","15","10","6","300","6","30","80","500","500","300","0.215906184395524"
"257","5","15","10","6","300","7","30","80","500","500","300","0.23303620218579227"
"258","5","15","10","6","300","8","30","80","500","500","300","0.24677788631784608"
"259","5","15","10","6","300","9","30","80","500","500","300","0.2156067747387467"
"260","5","15","10","6","300","10","30","80","500","500","300","0.22497860696517424"
"262","5","15","10","8","300","2","30","80","500","500","300","0.22262954811010563"
"261","5","15","10","8","300","1","30","80","500","500","300","0.2477540486163792"
"263","5","15","10","8","300","3","30","80","500","500","300","0.2370521325704177"
"264","5","15","10","8","300","4","30","80","500","500","300","0.24286255217650574"
"265","5","15","10","8","300","5","30","80","500","500","300","0.2405653430490862"
"266","5","15","10","8","300","6","30","80","500","500","300","0.22447398843930644"
"267","5","15","10","8","300","7","30","80","500","500","300","0.23068286045936331"
"268","5","15","10","8","300","8","30","80","500","500","300","0.2342185427326133"
"269","5","15","10","8","300","9","30","80","500","500","300","0.2404267896000181"
"270","5","15","10","8","300","10","30","80","500","500","300","0.23857611185717678"
"271","5","15","10","10","300","1","30","80","500","500","300","0.23131850741296034"
"272","5","15","10","10","300","2","30","80","500","500","300","0.23022216297876114"
"273","5","15","10","10","300","3","30","80","500","500","300","0.22012705941660365"
"274","5","15","10","10","300","4","30","80","500","500","300","0.23141324260664756"
"275","5","15","10","10","300","5","30","80","500","500","300","0.2402803754502634"
"276","5","15","10","10","300","6","30","80","500","500","300","0.24603791591436688"
"277","5","15","10","10","300","7","30","80","500","500","300","0.22235145485411992"
"278","5","15","10","10","300","8","30","80","500","500","300","0.22804329110810495"
"279","5","15","10","10","300","9","30","80","500","500","300","0.2302401717872481"
"280","5","15","10","10","300","10","30","80","500","500","300","0.2274202910073943"
"281","5","15","10","12","300","1","30","80","500","500","300","0.2331306803520744"
"283","5","15","10","12","300","3","30","80","500","500","300","0.22242114337874863"
"282","5","15","10","12","300","2","30","80","500","500","300","0.2302815772096973"
"284","5","15","10","12","300","4","30","80","500","500","300","0.22424199682820373"
"285","5","15","10","12","300","5","30","80","500","500","300","0.2182541219576028"
"286","5","15","10","12","300","6","30","80","500","500","300","0.2274586842061553"
"287","5","15","10","12","300","7","30","80","500","500","300","0.22963056351480413"
"288","5","15","10","12","300","8","30","80","500","500","300","0.23113998926462703"
"289","5","15","10","12","300","9","30","80","500","500","300","0.2218218580772206"
"290","5","15","10","12","300","10","30","80","500","500","300","0.22173229816978818"
"291","5","15","10","14","300","1","30","80","500","500","300","0.23149597608246003"
"292","5","15","10","14","300","2","30","80","500","500","300","0.2343755997764352"
"293","5","15","10","14","300","3","30","80","500","500","300","0.2268838805886158"
"294","5","15","10","14","300","4","30","80","500","500","300","0.23093093888866245"
"295","5","15","10","14","300","5","30","80","500","500","300","0.23637714783880331"
"296","5","15","10","14","300","6","30","80","500","500","300","0.23634107191132736"
"297","5","15","10","14","300","7","30","80","500","500","300","0.2340841589112379"
"298","5","15","10","14","300","8","30","80","500","500","300","0.2076805137344067"
"299","5","15","10","14","300","9","30","80","500","500","300","0.21264426805346473"
"300","5","15","10","14","300","10","30","80","500","500","300","0.2156007240755108"
"301","5","15","15","4","300","1","30","80","500","500","300","0.26394345393250607"
"302","5","15","15","4","300","2","30","80","500","500","300","0.2457829194674368"
"303","5","15","15","4","300","3","30","80","500","500","300","0.23884848052955826"
"304","5","15","15","4","300","4","30","80","500","500","300","0.25496920921142396"
"305","5","15","15","4","300","5","30","80","500","500","300","0.23956531441067516"
"306","5","15","15","4","300","6","30","80","500","500","300","0.23842745668562373"
"307","5","15","15","4","300","7","30","80","500","500","300","0.23567697322057793"
"308","5","15","15","4","300","8","30","80","500","500","300","0.227955477890898"
"309","5","15","15","4","300","9","30","80","500","500","300","0.2333169147964347"
"310","5","15","15","4","300","10","30","80","500","500","300","0.23567483994006258"
"312","5","15","15","6","300","2","30","80","500","500","300","0.23527071673715838"
"311","5","15","15","6","300","1","30","80","500","500","300","0.2366169911209304"
"313","5","15","15","6","300","3","30","80","500","500","300","0.26199421965317926"
"314","5","15","15","6","300","4","30","80","500","500","300","0.24019287420035207"
"315","5","15","15","6","300","5","30","80","500","500","300","0.23837181682594044"
"316","5","15","15","6","300","6","30","80","500","500","300","0.23864735306377657"
"317","5","15","15","6","300","7","30","80","500","500","300","0.2374253906170425"
"318","5","15","15","6","300","8","30","80","500","500","300","0.23938033417478044"
"319","5","15","15","6","300","9","30","80","500","500","300","0.21447260382125383"
"320","5","15","15","6","300","10","30","80","500","500","300","0.22614106884930185"
"321","5","15","15","8","300","1","30","80","500","500","300","0.25302700328293354"
"322","5","15","15","8","300","2","30","80","500","500","300","0.2640995479287757"
"323","5","15","15","8","300","3","30","80","500","500","300","0.2596351227761387"
"324","5","15","15","8","300","4","30","80","500","500","300","0.23537851662404088"
"325","5","15","15","8","300","5","30","80","500","500","300","0.2528556004650906"
"326","5","15","15","8","300","6","30","80","500","500","300","0.23227707648855836"
"327","5","15","15","8","300","7","30","80","500","500","300","0.2261493093093095"
"328","5","15","15","8","300","8","30","80","500","500","300","0.23643430335096993"
"329","5","15","15","8","300","9","30","80","500","500","300","0.21678461872573762"
"330","5","15","15","8","300","10","30","80","500","500","300","0.22652456239412747"
"332","5","15","15","10","300","2","30","80","500","500","300","0.23450859440876973"
"331","5","15","15","10","300","1","30","80","500","500","300","0.24281883837872498"
"333","5","15","15","10","300","3","30","80","500","500","300","0.25080185132012534"
"334","5","15","15","10","300","4","30","80","500","500","300","0.24573851177979952"
"335","5","15","15","10","300","5","30","80","500","500","300","0.24855858468677486"
"336","5","15","15","10","300","6","30","80","500","500","300","0.23045762385762392"
"337","5","15","15","10","300","7","30","80","500","500","300","0.2513263451284536"
"338","5","15","15","10","300","8","30","80","500","500","300","0.24305513387455197"
"339","5","15","15","10","300","9","30","80","500","500","300","0.21983899734875872"
"340","5","15","15","10","300","10","30","80","500","500","300","0.23167635354487373"
"341","5","15","15","12","300","1","30","80","500","500","300","0.24176329461597015"
"342","5","15","15","12","300","2","30","80","500","500","300","0.252992661401427"
"343","5","15","15","12","300","3","30","80","500","500","300","0.24924428537763654"
"344","5","15","15","12","300","4","30","80","500","500","300","0.23531961591220862"
"345","5","15","15","12","300","5","30","80","500","500","300","0.24909783151437334"
"346","5","15","15","12","300","6","30","80","500","500","300","0.23432389850185192"
"348","5","15","15","12","300","8","30","80","500","500","300","0.22405157007914217"
"347","5","15","15","12","300","7","30","80","500","500","300","0.22310576180638184"
"349","5","15","15","12","300","9","30","80","500","500","300","0.22705831066471366"
"350","5","15","15","12","300","10","30","80","500","500","300","0.2434904380849046"
"351","5","15","15","14","300","1","30","80","500","500","300","0.25222460658082974"
"352","5","15","15","14","300","2","30","80","500","500","300","0.24379531482560035"
"353","5","15","15","14","300","3","30","80","500","500","300","0.2518656491085045"
"354","5","15","15","14","300","4","30","80","500","500","300","0.23999402520004248"
"355","5","15","15","14","300","5","30","80","500","500","300","0.24556826607350898"
"356","5","15","15","14","300","6","30","80","500","500","300","0.2382387514467593"
"357","5","15","15","14","300","7","30","80","500","500","300","0.23144717238484958"
"358","5","15","15","14","300","8","30","80","500","500","300","0.2285274144869215"
"359","5","15","15","14","300","9","30","80","500","500","300","0.22712272548611598"
"361","5","20","10","4","300","1","30","80","500","500","300","0.2784692491630799"
"360","5","15","15","14","300","10","30","80","500","500","300","0.21929039952295773"
"362","5","20","10","4","300","2","30","80","500","500","300","0.2601798431767498"
"363","5","20","10","4","300","3","30","80","500","500","300","0.24550509046790125"
"364","5","20","10","4","300","4","30","80","500","500","300","0.23788985132841997"
"365","5","20","10","4","300","5","30","80","500","500","300","0.25839595330249554"
"366","5","20","10","4","300","6","30","80","500","500","300","0.24519654826786957"
"367","5","20","10","4","300","7","30","80","500","500","300","0.24242026147346285"
"368","5","20","10","4","300","8","30","80","500","500","300","0.2279119616466581"
"369","5","20","10","4","300","9","30","80","500","500","300","0.24298282311795827"
"370","5","20","10","4","300","10","30","80","500","500","300","0.233960252756236"
"371","5","20","10","6","300","1","30","80","500","500","300","0.2428632131025308"
"372","5","20","10","6","300","2","30","80","500","500","300","0.2391323364120611"
"373","5","20","10","6","300","3","30","80","500","500","300","0.22811061539551025"
"374","5","20","10","6","300","4","30","80","500","500","300","0.24693401340429721"
"375","5","20","10","6","300","5","30","80","500","500","300","0.23424953900253015"
"376","5","20","10","6","300","6","30","80","500","500","300","0.2023571632924387"
"377","5","20","10","6","300","7","30","80","500","500","300","0.22951682148895367"
"378","5","20","10","6","300","8","30","80","500","500","300","0.23086449179637394"
"379","5","20","10","6","300","9","30","80","500","500","300","0.24273352751171615"
"380","5","20","10","6","300","10","30","80","500","500","300","0.23893155278066838"
"381","5","20","10","8","300","1","30","80","500","500","300","0.23424394913839663"
"382","5","20","10","8","300","2","30","80","500","500","300","0.22647158060984596"
"383","5","20","10","8","300","3","30","80","500","500","300","0.2337007939477075"
"384","5","20","10","8","300","4","30","80","500","500","300","0.23249427160843789"
"385","5","20","10","8","300","5","30","80","500","500","300","0.23494495951778926"
"386","5","20","10","8","300","6","30","80","500","500","300","0.24528899119618766"
"387","5","20","10","8","300","7","30","80","500","500","300","0.23912824150705442"
"388","5","20","10","8","300","8","30","80","500","500","300","0.21579079648703495"
"389","5","20","10","8","300","9","30","80","500","500","300","0.2293324981061709"
"390","5","20","10","8","300","10","30","80","500","500","300","0.23118200639939776"
"391","5","20","10","10","300","1","30","80","500","500","300","0.21565637326721535"
"392","5","20","10","10","300","2","30","80","500","500","300","0.229454546092276"
"393","5","20","10","10","300","3","30","80","500","500","300","0.23388719008654457"
"394","5","20","10","10","300","4","30","80","500","500","300","0.24533600802407246"
"395","5","20","10","10","300","5","30","80","500","500","300","0.24275721039275552"
"396","5","20","10","10","300","6","30","80","500","500","300","0.23789466404600712"
"398","5","20","10","10","300","8","30","80","500","500","300","0.23452638748827914"
"397","5","20","10","10","300","7","30","80","500","500","300","0.23668755300103644"
"399","5","20","10","10","300","9","30","80","500","500","300","0.21207922993836972"
"400","5","20","10","10","300","10","30","80","500","500","300","0.22390600029057103"
"401","5","20","10","12","300","1","30","80","500","500","300","0.22111858764971226"
"402","5","20","10","12","300","2","30","80","500","500","300","0.22258571882951667"
"403","5","20","10","12","300","3","30","80","500","500","300","0.23187956204379576"
"404","5","20","10","12","300","4","30","80","500","500","300","0.23307689945335047"
"405","5","20","10","12","300","5","30","80","500","500","300","0.22496188966870428"
"406","5","20","10","12","300","6","30","80","500","500","300","0.21780678809016352"
"408","5","20","10","12","300","8","30","80","500","500","300","0.2201457873710573"
"407","5","20","10","12","300","7","30","80","500","500","300","0.2315549089286021"
"409","5","20","10","12","300","9","30","80","500","500","300","0.21794936172787227"
"410","5","20","10","12","300","10","30","80","500","500","300","0.22814028493201544"
"411","5","20","10","14","300","1","30","80","500","500","300","0.22854634271489885"
"412","5","20","10","14","300","2","30","80","500","500","300","0.22065068084979605"
"413","5","20","10","14","300","3","30","80","500","500","300","0.23237726479667156"
"414","5","20","10","14","300","4","30","80","500","500","300","0.22473565376791166"
"415","5","20","10","14","300","5","30","80","500","500","300","0.22863263001180756"
"416","5","20","10","14","300","6","30","80","500","500","300","0.2227427400677"
"417","5","20","10","14","300","7","30","80","500","500","300","0.22903652871248653"
"418","5","20","10","14","300","8","30","80","500","500","300","0.2140605343749428"
"419","5","20","10","14","300","9","30","80","500","500","300","0.23083981211532248"
"420","5","20","10","14","300","10","30","80","500","500","300","0.2302638067061145"
"421","5","20","15","4","300","1","30","80","500","500","300","0.26118671359234474"
"423","5","20","15","4","300","3","30","80","500","500","300","0.26906052946829384"
"422","5","20","15","4","300","2","30","80","500","500","300","0.25722408366331595"
"424","5","20","15","4","300","4","30","80","500","500","300","0.2596639909871852"
"425","5","20","15","4","300","5","30","80","500","500","300","0.2566146828990173"
"426","5","20","15","4","300","6","30","80","500","500","300","0.25749381953028416"
"427","5","20","15","4","300","7","30","80","500","500","300","0.25451790234382565"
"428","5","20","15","4","300","8","30","80","500","500","300","0.2534318560069039"
"429","5","20","15","4","300","9","30","80","500","500","300","0.22232299277870357"
"430","5","20","15","4","300","10","30","80","500","500","300","0.25033057954687715"
"431","5","20","15","6","300","1","30","80","500","500","300","0.26215060710476656"
"432","5","20","15","6","300","2","30","80","500","500","300","0.25495084939373963"
"433","5","20","15","6","300","3","30","80","500","500","300","0.25243848300355143"
"434","5","20","15","6","300","4","30","80","500","500","300","0.24902374796514423"
"435","5","20","15","6","300","5","30","80","500","500","300","0.2551573702484555"
"436","5","20","15","6","300","6","30","80","500","500","300","0.22832510098979578"
"437","5","20","15","6","300","7","30","80","500","500","300","0.2552078272604588"
"438","5","20","15","6","300","8","30","80","500","500","300","0.23480536106768188"
"439","5","20","15","6","300","9","30","80","500","500","300","0.22555155204179225"
"440","5","20","15","6","300","10","30","80","500","500","300","0.24784049479166678"
"441","5","20","15","8","300","1","30","80","500","500","300","0.24130701169850421"
"442","5","20","15","8","300","2","30","80","500","500","300","0.24050111450083733"
"443","5","20","15","8","300","3","30","80","500","500","300","0.2508638187788135"
"445","5","20","15","8","300","5","30","80","500","500","300","0.23850345156625072"
"444","5","20","15","8","300","4","30","80","500","500","300","0.26210874025441117"
"446","5","20","15","8","300","6","30","80","500","500","300","0.2580895075513209"
"447","5","20","15","8","300","7","30","80","500","500","300","0.23928809432269627"
"448","5","20","15","8","300","8","30","80","500","500","300","0.2349341420449999"
"449","5","20","15","8","300","9","30","80","500","500","300","0.23749901171379237"
"450","5","20","15","8","300","10","30","80","500","500","300","0.23176059398768564"
"451","5","20","15","10","300","1","30","80","500","500","300","0.21694196142714448"
"452","5","20","15","10","300","2","30","80","500","500","300","0.2413639248184856"
"453","5","20","15","10","300","3","30","80","500","500","300","0.2525893070062478"
"455","5","20","15","10","300","5","30","80","500","500","300","0.23197028675230325"
"454","5","20","15","10","300","4","30","80","500","500","300","0.23763290633505632"
"456","5","20","15","10","300","6","30","80","500","500","300","0.23589138286893716"
"457","5","20","15","10","300","7","30","80","500","500","300","0.2321171832364176"
"458","5","20","15","10","300","8","30","80","500","500","300","0.2359989078200087"
"459","5","20","15","10","300","9","30","80","500","500","300","0.23499113903657165"
"460","5","20","15","10","300","10","30","80","500","500","300","0.2192209087924025"
"461","5","20","15","12","300","1","30","80","500","500","300","0.2431008112378751"
"462","5","20","15","12","300","2","30","80","500","500","300","0.24662837964324869"
"463","5","20","15","12","300","3","30","80","500","500","300","0.24515229486925752"
"464","5","20","15","12","300","4","30","80","500","500","300","0.25336207002645983"
"465","5","20","15","12","300","5","30","80","500","500","300","0.25556027370301426"
"466","5","20","15","12","300","6","30","80","500","500","300","0.23966178027526686"
"467","5","20","15","12","300","7","30","80","500","500","300","0.23081715495940708"
"468","5","20","15","12","300","8","30","80","500","500","300","0.23921453287197234"
"469","5","20","15","12","300","9","30","80","500","500","300","0.21111153623188414"
"470","5","20","15","12","300","10","30","80","500","500","300","0.24125666617740607"
"471","5","20","15","14","300","1","30","80","500","500","300","0.2475152331018846"
"472","5","20","15","14","300","2","30","80","500","500","300","0.24051619406697589"
"473","5","20","15","14","300","3","30","80","500","500","300","0.25041197847508573"
"474","5","20","15","14","300","4","30","80","500","500","300","0.2377891586578994"
"475","5","20","15","14","300","5","30","80","500","500","300","0.2415086615530465"
"476","5","20","15","14","300","6","30","80","500","500","300","0.23349245806277052"
"477","5","20","15","14","300","7","30","80","500","500","300","0.21586143173935288"
"478","5","20","15","14","300","8","30","80","500","500","300","0.22324865231970809"
"479","5","20","15","14","300","9","30","80","500","500","300","0.22641112553488157"
"480","5","20","15","14","300","10","30","80","500","500","300","0.23709836982782734"
